Date,SPY,QQQ,IWM,TLT,GLD,SLV,EURUSD=X
2023-01-03,366.069091796875,259.7959289550781,166.9897918701172,90.17121124267578,171.05999755859375,22.049999237060547,1.0677714347839355
2023-01-04,368.8951721191406,261.0335998535156,169.06996154785156,91.40657043457031,172.6699981689453,21.889999389648438,1.0546854734420776
2023-01-05,364.6848449707031,256.94720458984375,167.25941467285156,91.7886962890625,170.52000427246094,21.389999389648438,1.0606365203857422
2023-01-06,373.0478210449219,264.03936767578125,171.0152587890625,93.4773178100586,173.7100067138672,21.920000076293945,1.0522217750549316
2023-01-09,372.83636474609375,265.74853515625,171.30416870117188,93.97501373291016,174.10000610351562,21.739999771118164,1.0656323432922363
2023-01-10,375.45098876953125,267.998046875,173.8369598388672,92.4197006225586,174.74000549316406,21.729999542236328,1.073318362236023
2023-01-11,380.1997375488281,272.6344299316406,176.00376892089844,93.92169952392578,174.6199951171875,21.549999237060547,1.0738946199417114
2023-01-12,381.5838928222656,274.10784912109375,178.9602813720703,95.77027130126953,176.63999938964844,21.8799991607666,1.0766000747680664
2023-01-13,383.06427001953125,275.9938049316406,180.13516235351562,94.87263488769531,178.75999450683594,22.329999923706055,1.0860239267349243
2023-01-17,382.3624572753906,276.55377197265625,179.9136962890625,94.25941467285156,177.58999633789062,22.010000228881836,1.0830129384994507
2023-01-18,376.3257141113281,272.95855712890625,177.0053253173828,96.54344940185547,177.0800018310547,21.56999969482422,1.0793308019638062
2023-01-19,373.58612060546875,270.27691650390625,175.31036376953125,95.93911743164062,179.88999938964844,21.959999084472656,1.0797853469848633
2023-01-20,380.54571533203125,277.6735534667969,178.199462890625,94.38382720947266,179.2899932861328,22.020000457763672,1.083388328552246
2023-01-23,385.1116943359375,283.84234619140625,180.40480041503906,93.939453125,179.6300048828125,21.579999923706055,1.086507797241211
2023-01-24,384.6983642578125,283.2628173828125,180.01962280273438,95.29034423828125,180.27999877929688,21.760000228881836,1.0874292850494385
2023-01-25,384.84259033203125,282.6341247558594,180.52037048339844,95.52142333984375,181.11000061035156,21.969999313354492,1.088814616203308
2023-01-26,389.0721435546875,288.1448059082031,181.58934020996094,95.0770492553711,179.47000122070312,21.989999771118164,1.0922038555145264
2023-01-27,389.9661560058594,291.0130920410156,182.57162475585938,94.83708190917969,179.22000122070312,21.68000030517578,1.0894432067871094
2023-01-30,385.0732727050781,285.129150390625,180.0292205810547,94.4904556274414,178.75999450683594,21.65999984741211,1.0871455669403076
2023-01-31,390.73516845703125,289.402099609375,184.40138244628906,95.24591827392578,179.41000366210938,21.829999923706055,1.0850694179534912
2023-02-01,394.88775634765625,295.5906066894531,187.30014038085938,96.39086151123047,181.6699981689453,22.079999923706055,1.0860947370529175
2023-02-02,400.63616943359375,306.19927978515625,190.98854064941406,96.51558685302734,177.89999389648438,21.56999969482422,1.1012852191925049
2023-02-03,396.3778076171875,300.75738525390625,189.7077178955078,95.0721664428711,173.4600067138672,20.56999969482422,1.0905125141143799
2023-02-06,393.955322265625,298.2132568359375,186.9630584716797,94.36822509765625,173.82000732421875,20.479999542236328,1.079086184501648
2023-02-07,399.10772705078125,304.391845703125,188.349853515625,93.61087036132812,173.97999572753906,20.3799991607666,1.0730764865875244
2023-02-08,394.74359130859375,298.9794006347656,185.59556579589844,94.05638122558594,174.41000366210938,20.479999542236328,1.0729728937149048
2023-02-09,391.321533203125,296.33709716796875,182.90870666503906,93.16537475585938,173.02999877929688,20.18000030517578,1.0715816020965576
2023-02-10,392.2347717285156,294.39215087890625,183.27464294433594,92.12287902832031,173.36000061035156,20.239999771118164,1.0742292404174805
2023-02-13,396.83917236328125,299.1071472167969,185.48001098632812,92.8980484008789,172.47999572753906,20.200000762939453,1.0677714347839355
2023-02-14,396.65655517578125,301.3172302246094,185.39332580566406,92.68421173095703,172.61000061035156,20.1200008392334,1.0730419158935547
2023-02-15,397.94464111328125,303.6256408691406,187.271240234375,91.81990814208984,170.88999938964844,19.889999389648438,1.0735719203948975
2023-02-16,392.46539306640625,297.9283752441406,185.48001098632812,90.51901245117188,170.75,19.84000015258789,1.0691757202148438
2023-02-17,391.48492431640625,295.8262023925781,185.9904327392578,91.22291564941406,171.25999450683594,20.010000228881836,1.0665756464004517
2023-02-21,383.63140869140625,288.8225402832031,180.50111389160156,89.44978332519531,170.6199951171875,20.06999969482422,1.068261981010437
2023-02-22,383.1026916503906,289.03863525390625,180.9922637939453,90.26953887939453,169.66000366210938,19.75,1.065200924873352
2023-02-23,385.1405334472656,291.5630798339844,182.28274536132812,91.15164947509766,169.57000732421875,19.6299991607666,1.0605803728103638
2023-02-24,381.0263671875,286.68115234375,180.57815551757812,89.96659851074219,168.35000610351562,19.09000015258789,1.0598047971725464
2023-02-27,382.3241271972656,288.73419189453125,181.2137451171875,90.21607208251953,169.00999450683594,18.93000030517578,1.0554758310317993
2023-02-28,380.9109802246094,288.3608703613281,181.22340393066406,90.62594604492188,169.77999877929688,19.219999313354492,1.0611205101013184
2023-03-01,379.44989013671875,286.0426330566406,181.4545135498047,89.65235137939453,170.75999450683594,19.290000915527344,1.0577309131622314
2023-03-02,382.40093994140625,288.40997314453125,181.8878936767578,88.85739135742188,170.66000366210938,19.239999771118164,1.066894292831421
2023-03-03,388.5338439941406,294.37249755859375,184.420654296875,91.01004028320312,172.49000549316406,19.549999237060547,1.0599732398986816
2023-03-06,388.80303955078125,294.7064514160156,181.72418212890625,90.30439758300781,171.6199951171875,19.31999969482422,1.0626201629638672
2023-03-07,382.8431396484375,291.09161376953125,179.61512756347656,90.8581771850586,168.6199951171875,18.450000762939453,1.0688328742980957
2023-03-08,383.4679870605469,292.5455017089844,179.7018280029297,90.94752502441406,168.5399932861328,18.399999618530273,1.05507493019104
2023-03-09,376.39300537109375,287.4768371582031,174.70364379882812,91.17082977294922,170.1999969482422,18.440000534057617,1.0549525022506714
2023-03-10,370.9619140625,283.4395751953125,169.66697692871094,94.31494140625,173.8699951171875,18.860000610351562,1.0584698915481567
2023-03-13,370.4332275390625,285.54168701171875,166.90310668945312,94.52931213378906,177.86000061035156,20.0,1.0683646202087402
2023-03-14,376.5564880371094,292.1033935546875,169.99441528320312,92.97510528564453,176.8300018310547,19.889999389648438,1.0725010633468628
2023-03-15,374.201416015625,293.6357116699219,167.1920166015625,94.77047729492188,178.2100067138672,20.0,1.0727657079696655
2023-03-16,380.76678466796875,301.376220703125,169.4744110107422,94.02912139892578,178.57000732421875,19.920000076293945,1.0583354234695435
2023-03-17,376.31463623046875,299.951904296875,164.89999389648438,95.44039916992188,183.77000427246094,20.6299991607666,1.0614134073257446
2023-03-20,379.9330749511719,301.0163879394531,167.03793334960938,94.60076141357422,183.83999633789062,20.690000534057617,1.0678855180740356
2023-03-21,384.92181396484375,305.3156433105469,170.11962890625,93.78793334960938,180.3699951171875,20.540000915527344,1.071914792060852
2023-03-22,378.36029052734375,301.16400146484375,165.2948455810547,95.03844451904297,183.44000244140625,21.100000381469727,1.0774236917495728
2023-03-23,379.3831481933594,304.73516845703125,164.56121826171875,95.03844451904297,185.74000549316406,21.280000686645508,1.0870392322540283
2023-03-24,381.87261962890625,305.8567199707031,166.0497283935547,95.44039916992188,183.64999389648438,21.219999313354492,1.0835057497024536
2023-03-27,382.5866394042969,303.7611999511719,167.8959503173828,93.19843292236328,181.9499969482422,21.219999313354492,1.077818512916565
2023-03-28,381.7279052734375,302.1477355957031,167.654296875,93.36812591552734,183.44000244140625,21.43000030517578,1.0807071924209595
2023-03-29,387.2762451171875,307.6571044921875,169.55845642089844,93.18054962158203,182.52999877929688,21.440000534057617,1.0839520692825317
2023-03-30,389.54388427734375,310.5691833496094,169.32644653320312,93.60931396484375,184.17999267578125,21.940000534057617,1.0843634605407715
2023-03-31,395.0343933105469,315.7341613769531,172.43887329101562,95.01165771484375,183.22000122070312,22.1200008392334,1.0904649496078491
2023-04-03,396.53961181640625,314.966796875,172.5161895751953,95.45848083496094,184.5399932861328,22.059999465942383,1.0803335905075073
2023-04-04,394.33966064453125,313.904296875,169.49078369140625,95.93312072753906,187.97999572753906,22.969999313354492,1.091226577758789
2023-04-05,393.30712890625,310.80523681640625,167.82826232910156,96.93604278564453,187.8300018310547,22.940000534057617,1.0960105657577515
2023-04-06,394.8413391113281,312.9007873535156,168.07958984375,97.186767578125,186.49000549316406,22.889999389648438,1.090334177017212
2023-04-10,395.2466125488281,312.7237243652344,169.87742614746094,95.61968994140625,185.11000061035156,22.8799991607666,1.0913575887680054
2023-04-11,395.3528137207031,310.71673583984375,171.22097778320312,95.81670379638672,186.27999877929688,23.040000915527344,1.086932897567749
2023-04-12,393.7413330078125,307.9718933105469,169.9644317626953,95.71819305419922,187.19000244140625,23.43000030517578,1.0917507410049438
2023-04-13,398.9712829589844,314.002685546875,172.216552734375,94.96597290039062,189.72000122070312,23.739999771118164,1.0999890565872192
2023-04-14,397.9966735839844,313.4123840332031,170.61204528808594,94.09737396240234,186.36000061035156,23.309999465942383,1.1054610013961792
2023-04-17,399.42474365234375,313.677978515625,172.80616760253906,92.97801971435547,185.52999877929688,23.020000457763672,1.098659634590149
2023-04-18,399.685302734375,313.6976013183594,172.0715789794922,93.30931854248047,186.25,23.149999618530273,1.0925379991531372
2023-04-19,399.6177978515625,313.55010986328125,172.29388427734375,93.21975708007812,185.36000061035156,23.229999542236328,1.0975382328033447
2023-04-20,397.43707275390625,311.15948486328125,171.4045867919922,94.01676940917969,186.08999633789062,23.170000076293945,1.095218300819397
2023-04-21,397.7458801269531,311.4841003417969,171.62696838378906,93.48844909667969,184.25,22.979999542236328,1.0970927476882935
2023-04-24,398.16070556640625,310.8348388671875,171.51092529296875,94.39286804199219,184.80999755859375,23.079999923706055,1.0992271900177002
2023-04-25,391.84039306640625,304.97125244140625,167.2772979736328,95.78089904785156,185.75,22.989999771118164,1.1059499979019165
2023-04-26,390.1807556152344,306.8208312988281,165.6630859375,94.760009765625,184.74000549316406,22.829999923706055,1.0978394746780396
2023-04-27,397.9484558105469,315.16357421875,167.87657165527344,93.81974029541016,184.75,22.889999389648438,1.1047282218933105
2023-04-28,401.3450012207031,317.3377990722656,169.34580993652344,95.3331298828125,184.8000030517578,23.0,1.1032048463821411
2023-05-01,400.939697265625,316.9737548828125,169.4425048828125,92.58424377441406,183.97000122070312,22.889999389648438,1.1010911464691162
2023-05-02,396.4335021972656,314.2092590332031,165.96273803710938,94.89144897460938,187.52000427246094,23.350000381469727,1.0969241857528687
2023-05-03,393.7124328613281,312.1531066894531,166.5717315673828,95.42111206054688,189.11000061035156,23.43000030517578,1.1010911464691162
2023-05-04,390.9237060546875,311.0513000488281,164.7061767578125,94.47848510742188,190.44000244140625,23.940000534057617,1.1068925857543945
2023-05-05,398.16070556640625,317.6625061035156,168.620849609375,94.16429138183594,187.4600067138672,23.56999969482422,1.102292776107788
2023-05-08,398.266845703125,318.44952392578125,168.2342071533203,92.84461212158203,187.69000244140625,23.489999771118164,1.10186767578125
2023-05-09,396.5202941894531,316.4327087402344,167.7316131591797,92.51243591308594,189.02000427246094,23.479999542236328,1.0996140241622925
2023-05-10,398.373046875,319.87603759765625,168.5821990966797,93.41014862060547,188.75,23.309999465942383,1.096467137336731
2023-05-11,397.67828369140625,320.9188537597656,167.28697204589844,94.39767456054688,187.1300048828125,22.200000762939453,1.098406195640564
2023-05-12,397.1572265625,319.76776123046875,166.9486846923828,93.60767364501953,186.80999755859375,22.020000457763672,1.0912145376205444
2023-05-15,398.5274658203125,321.499267578125,168.98818969726562,92.63809204101562,187.2100067138672,22.100000381469727,1.0852696895599365
2023-05-16,395.8641662597656,321.8632507324219,166.52337646484375,92.35980987548828,184.8699951171875,21.809999465942383,1.0873701572418213
2023-05-17,400.6695556640625,325.7591857910156,170.23504638671875,92.09046936035156,184.22999572753906,21.81999969482422,1.0865668058395386
2023-05-18,404.529296875,331.8096008300781,171.26930236816406,91.40821075439453,181.83999633789062,21.559999465942383,1.0838346481323242
2023-05-19,403.9407043457031,331.0618896484375,170.22540283203125,90.76181030273438,183.63999938964844,21.860000610351562,1.0775396823883057
2023-05-22,404.104736328125,332.17364501953125,172.3035430908203,90.43865966796875,183.2100067138672,21.670000076293945,1.0822745561599731
2023-05-23,399.56951904296875,327.9629211425781,171.4916229248047,90.698974609375,183.42999267578125,21.510000228881836,1.0811045169830322
2023-05-24,396.67474365234375,326.2806396484375,169.6744384765625,90.25010681152344,181.9499969482422,21.15999984741211,1.076971173286438
2023-05-25,400.1098937988281,334.219970703125,168.3502197265625,90.02568817138672,180.1999969482422,20.860000610351562,1.0757315158843994
2023-05-26,405.29156494140625,342.7593994140625,170.26406860351562,90.75283813476562,180.9199981689453,21.3799991607666,1.0724436044692993
2023-05-30,405.4459228515625,344.3138732910156,169.6357879638672,91.65956115722656,182.0399932861328,21.299999237060547,1.0707669258117676
2023-05-31,403.1977233886719,342.35614013671875,167.96359252929688,92.45854187011719,182.32000732421875,21.610000610351562,1.073306918144226
2023-06-01,407.0284729003906,346.31103515625,169.78077697753906,92.82127380371094,183.75999450683594,21.950000762939453,1.0695186853408813
2023-06-02,412.91461181640625,348.908203125,175.9379119873047,91.80416870117188,181.0500030517578,21.690000534057617,1.0760787725448608
2023-06-05,412.1233825683594,349.1541748046875,173.57945251464844,91.63314056396484,182.13999938964844,21.639999389648438,1.0698620080947876
2023-06-06,413.0207214355469,349.0951232910156,178.1514129638672,92.17321014404297,182.33999633789062,21.649999618530273,1.0711798667907715
2023-06-07,411.5925598144531,343.17266845703125,181.4846954345703,90.80500793457031,180.14999389648438,21.510000228881836,1.0698047876358032
2023-06-08,414.0820617675781,347.43255615234375,180.8061981201172,91.8671646118164,182.52999877929688,22.299999237060547,1.0707440376281738
2023-06-09,414.82513427734375,348.76068115234375,179.34262084960938,91.74117279052734,182.0399932861328,22.270000457763672,1.078271746635437
2023-06-12,418.58837890625,354.6536560058594,180.08895874023438,92.0112075805664,181.8800048828125,22.079999923706055,1.0750954151153564
2023-06-13,421.34808349609375,357.37884521484375,182.15347290039062,91.10204315185547,180.5399932861328,21.739999771118164,1.0762988328933716
2023-06-14,421.8498229980469,359.97613525390625,180.195556640625,91.83116149902344,180.63999938964844,21.969999313354492,1.078934907913208
2023-06-15,427.079833984375,364.2655334472656,181.6785430908203,92.71331024169922,181.91000366210938,21.940000534057617,1.084304690361023
2023-06-16,425.6251220703125,361.9732666015625,180.2246551513672,92.3532485961914,181.6300048828125,22.18000030517578,1.0945948362350464
2023-06-20,423.4168701171875,361.45501708984375,179.43955993652344,92.99235534667969,179.75,21.260000228881836,1.0924304723739624
2023-06-21,421.24737548828125,356.529296875,179.0227508544922,93.21736145019531,179.49000549316406,20.84000015258789,1.0920368432998657
2023-06-22,422.7679443359375,360.7359924316406,177.69488525390625,92.09221649169922,177.7100067138672,20.530000686645508,1.0992635488510132
2023-06-23,419.57183837890625,357.1598205566406,175.01974487304688,93.01032257080078,178.1999969482422,20.579999923706055,1.0958904027938843
2023-06-26,417.8575439453125,352.3718566894531,175.19419860839844,93.10936737060547,178.50999450683594,20.899999618530273,1.0906671285629272
2023-06-27,422.43865966796875,358.43060302734375,177.7239532470703,92.86629486083984,177.69000244140625,20.979999542236328,1.091048002243042
2023-06-28,422.6518249511719,359.130126953125,178.5963134765625,93.26238250732422,177.27999877929688,20.84000015258789,1.0957223176956177
2023-06-29,424.31756591796875,358.4109191894531,180.65115356445312,91.57910919189453,177.08999633789062,20.719999313354492,1.0915838479995728
2023-06-30,429.3247985839844,363.9376525878906,181.5137481689453,92.65928649902344,178.27000427246094,20.889999389648438,1.0868029594421387
2023-07-03,429.8188171386719,364.7947082519531,181.882080078125,92.13400268554688,178.47000122070312,21.010000228881836,1.0907504558563232
2023-07-05,429.1795654296875,364.7849426269531,180.069580078125,91.25852966308594,177.83999633789062,21.209999084472656,1.0884946584701538
2023-07-06,425.8188171386719,362.0067443847656,177.16177368164062,89.96782684326172,177.30999755859375,20.829999923706055,1.0856584310531616
2023-07-07,424.74371337890625,360.8048400878906,179.03248596191406,89.42631530761719,178.63999938964844,21.18000030517578,1.0890636444091797
2023-07-10,425.8188171386719,360.9230651855469,182.09532165527344,89.54362487792969,178.77999877929688,21.239999771118164,1.0969723463058472
2023-07-11,428.5306091308594,362.7062683105469,183.9660186767578,90.00393676757812,179.4499969482422,21.200000762939453,1.100594401359558
2023-07-12,431.978515625,367.2872619628906,185.97238159179688,91.00580596923828,181.8800048828125,22.149999618530273,1.101406455039978
2023-07-13,435.4071044921875,373.5232849121094,187.47474670410156,91.96251678466797,182.00999450683594,22.780000686645508,1.1144545078277588
2023-07-14,435.13592529296875,373.4444274902344,185.64280700683594,91.42096710205078,181.42999267578125,22.860000610351562,1.1223469972610474
2023-07-17,436.6468200683594,376.93194580078125,187.62982177734375,91.46607208251953,181.55999755859375,22.790000915527344,1.1227755546569824
2023-07-18,439.891357421875,380.0155029296875,189.9463653564453,91.88127899169922,183.63999938964844,22.989999771118164,1.1237596273422241
2023-07-19,440.86956787109375,379.92681884765625,190.75083923339844,92.9192123413086,183.6699981689453,23.100000381469727,1.1228890419006348
2023-07-20,437.94464111328125,371.16876220703125,189.08370971679688,91.79100799560547,182.74000549316406,22.68000030517578,1.120523452758789
2023-07-21,437.94464111328125,370.0555419921875,188.48275756835938,91.81809997558594,182.17999267578125,22.56999969482422,1.113709807395935
2023-07-24,439.9010009765625,370.6466064453125,188.94802856445312,91.48413848876953,181.39999389648438,22.329999923706055,1.112532615661621
2023-07-25,441.10198974609375,373.15875244140625,188.9285888671875,91.31266021728516,182.41000366210938,22.6200008392334,1.1063170433044434
2023-07-26,441.1698303222656,371.9174499511719,190.4213104248047,91.4029312133789,183.3000030517578,22.90999984741211,1.1050456762313843
2023-07-27,438.24481201171875,371.03082275390625,187.9593505859375,89.62484741210938,180.4199981689453,22.110000610351562,1.1078368425369263
2023-07-28,442.5353698730469,377.7890319824219,190.3922119140625,90.0851821899414,181.86000061035156,22.31999969482422,1.0978755950927734
2023-07-31,443.3780517578125,377.9859619140625,192.60214233398438,90.3017807006836,182.35000610351562,22.690000534057617,1.1024264097213745
2023-08-01,442.1092834472656,377.1092224121094,191.7201385498047,88.8219985961914,180.4600067138672,22.290000915527344,1.0997591018676758
2023-08-02,435.95916748046875,368.833984375,189.11276245117188,87.87171173095703,179.60000610351562,21.75,1.1007881164550781
2023-08-03,434.7098083496094,368.2427673339844,188.57969665527344,85.84439086914062,179.5399932861328,21.6299991607666,1.0944151878356934
2023-08-04,432.74371337890625,366.518798828125,188.20169067382812,87.3648681640625,180.19000244140625,21.65999984741211,1.095158338546753
2023-08-07,436.5208740234375,369.6220397949219,188.32769775390625,86.50508880615234,179.77999877929688,21.209999084472656,1.1002674102783203
2023-08-08,434.62261962890625,366.4793701171875,187.14520263671875,87.50969696044922,178.63999938964844,20.899999618530273,1.100315809249878
2023-08-09,431.7170715332031,362.4500732421875,185.68161010742188,87.96221923828125,177.7899932861328,20.799999237060547,1.0958904027938843
2023-08-10,431.87200927734375,363.1199951171875,184.85772705078125,86.51414489746094,177.60000610351562,20.829999923706055,1.0977671146392822
2023-08-11,431.6202087402344,360.8048400878906,185.11941528320312,86.31501770019531,177.60000610351562,20.799999237060547,1.0981649160385132
2023-08-14,434.0028076171875,364.8538513183594,184.79957580566406,86.12496948242188,177.05999755859375,20.719999313354492,1.094439148902893
2023-08-15,428.9471130371094,360.9822082519531,182.35702514648438,85.60002136230469,176.58999633789062,20.670000076293945,1.0909883975982666
2023-08-16,425.7994384765625,357.1598205566406,180.12770080566406,84.93029022216797,175.57000732421875,20.559999465942383,1.0904173851013184
2023-08-17,422.5549011230469,353.258544921875,178.00503540039062,84.56826782226562,175.3000030517578,20.799999237060547,1.0874884128570557
2023-08-18,422.75823974609375,352.8151550292969,178.9742889404297,84.8669204711914,175.3300018310547,20.8700008392334,1.0874648094177246
2023-08-21,425.50885009765625,358.49957275390625,178.71261596679688,83.73561096191406,175.80999755859375,21.360000610351562,1.087559461593628
2023-08-22,424.3563537597656,357.9873046875,178.17953491210938,84.37821960449219,176.10000610351562,21.459999084472656,1.0898351669311523
2023-08-23,429.082763671875,363.63226318359375,180.07925415039062,86.46887969970703,177.88999938964844,22.290000915527344,1.0846692323684692
2023-08-24,423.135986328125,355.8593444824219,177.5882568359375,85.89868927001953,177.85000610351562,22.110000610351562,1.086578607559204
2023-08-25,426.1190185546875,358.6177978515625,178.34426879882812,86.17926025390625,177.6199951171875,22.219999313354492,1.07991361618042
2023-08-28,428.8211975097656,361.317138671875,179.93386840820312,86.26979064941406,178.1300048828125,22.219999313354492,1.0797386169433594
2023-08-29,435.01971435546875,369.20831298828125,182.44427490234375,87.16574096679688,179.8699951171875,22.709999084472656,1.0825556516647339
2023-08-30,436.8114929199219,371.26727294921875,183.13243103027344,87.07526397705078,180.32000732421875,22.56999969482422,1.0869210958480835
2023-08-31,436.1722412109375,372.3804626464844,182.81259155273438,87.46443176269531,180.02000427246094,22.389999389648438,1.0932546854019165
2023-09-01,436.98583984375,371.9863586425781,184.9837188720703,86.10188293457031,180.11000061035156,22.170000076293945,1.0844104290008545
2023-09-05,435.09716796875,372.4593200683594,181.08731079101562,84.89453887939453,178.63999938964844,21.59000015258789,1.0794472694396973
2023-09-06,432.1722412109375,369.1787109375,180.4088134765625,85.10334014892578,177.8300018310547,21.239999771118164,1.0726161003112793
2023-09-07,430.8453674316406,366.5384521484375,178.6641387939453,85.33934783935547,178.02000427246094,21.049999237060547,1.0724204778671265
2023-09-08,431.4942932128906,367.05078125,178.2667694091797,85.66616821289062,178.0800018310547,21.010000228881836,1.0697818994522095
2023-09-11,434.33209228515625,371.3756103515625,178.69320678710938,85.04887390136719,178.41000366210938,21.15999984741211,1.071811318397522
2023-09-12,431.9494934082031,367.2576904296875,178.51870727539062,85.53907012939453,177.49000549316406,21.1299991607666,1.0750375986099243
2023-09-13,432.453125,368.6565856933594,177.345947265625,85.52091217041016,177.0800018310547,20.93000030517578,1.075326681137085
2023-09-14,436.18194580078125,371.671142578125,179.84661865234375,84.90362548828125,177.1699981689453,20.729999542236328,1.0734220743179321
2023-09-15,430.9266357421875,365.30706787109375,177.9662628173828,84.38619995117188,178.33999633789062,21.110000610351562,1.0637166500091553
2023-09-18,431.17938232421875,365.6878356933594,176.78375244140625,84.8673095703125,179.38999938964844,21.299999237060547,1.0668259859085083
2023-09-19,430.2851867675781,364.9084167480469,176.09559631347656,84.24095153808594,179.22000122070312,21.270000457763672,1.0692671537399292
2023-09-20,426.32940673828125,359.6499938964844,174.33154296875,84.50419616699219,179.35000610351562,21.34000015258789,1.0682048797607422
2023-09-21,419.28289794921875,353.0595397949219,171.62730407714844,82.33463287353516,178.0500030517578,21.440000534057617,1.065303087234497
2023-09-22,418.3401184082031,353.1088562011719,171.2395782470703,82.99729919433594,178.6199951171875,21.579999923706055,1.0661548376083374
2023-09-25,420.099365234375,354.7860412597656,172.0052947998047,80.95482635498047,177.6999969482422,21.200000762939453,1.0648492574691772
2023-09-26,413.9275207519531,349.45849609375,169.7937774658203,80.67344665527344,176.27999877929688,20.959999084472656,1.0591648817062378
2023-09-27,414.0927429199219,350.2773742675781,171.38108825683594,80.25584411621094,174.10000610351562,20.700000762939453,1.0569483041763306
2023-09-28,416.49346923828125,353.20751953125,172.929443359375,80.50096130371094,173.22999572753906,20.739999771118164,1.0505305528640747
2023-09-29,415.4826354980469,353.4640197753906,172.11146545410156,80.51004028320312,171.4499969482422,20.34000015258789,1.0562450885772705
2023-10-02,415.3173828125,356.4139404296875,169.51138305664062,79.16229248046875,169.64999389648438,19.420000076293945,1.0565240383148193
2023-10-03,409.75787353515625,350.15899658203125,166.65809631347656,77.45933532714844,169.16000366210938,19.440000534057617,1.0480751991271973
2023-10-04,412.7417907714844,354.9241943359375,166.73602294921875,78.55213165283203,169.13999938964844,19.309999465942383,1.0472300052642822
2023-10-05,412.5862731933594,353.8784484863281,166.86260986328125,78.16056060791016,168.8300018310547,19.25,1.0507071018218994
2023-10-06,417.48486328125,359.80780029296875,168.46939086914062,77.2135009765625,169.6999969482422,19.729999542236328,1.0546631813049316
2023-10-09,420.1576843261719,361.64288330078125,169.44322204589844,79.02566528320312,172.82000732421875,20.059999465942383,1.056747317314148
2023-10-10,422.344482421875,363.6455993652344,171.3616180419922,78.91639709472656,172.52999877929688,19.979999542236328,1.0578875541687012
2023-10-11,424.0745544433594,366.2402648925781,171.06947326660156,80.56466674804688,173.7899932861328,20.18000030517578,1.0604791641235352
2023-10-12,421.4891662597656,364.9676208496094,167.2034454345703,78.3791275024414,173.25999450683594,19.959999084472656,1.0624282360076904
2023-10-13,419.38983154296875,360.3800354003906,165.8109130859375,79.7815170288086,178.8300018310547,20.780000686645508,1.0536741018295288
2023-10-16,423.8023986816406,364.4546203613281,168.48886108398438,78.49749755859375,177.9600067138672,20.68000030517578,1.0521553754806519
2023-10-17,423.782958984375,363.2608642578125,170.36831665039062,77.63240814208984,178.2899932861328,20.920000076293945,1.0554312467575073
2023-10-18,418.135986328125,358.4956359863281,166.86260986328125,76.94941711425781,180.8699951171875,20.950000762939453,1.057305932044983
2023-10-19,414.4620666503906,355.1412658691406,164.2041015625,75.37399291992188,183.08999633789062,21.110000610351562,1.053851842880249
2023-10-20,409.36920166015625,349.8432922363281,162.08119201660156,75.8019790649414,183.58999633789062,21.399999618530273,1.0586491823196411
2023-10-23,408.65966796875,350.8988952636719,160.7081298828125,76.71263885498047,182.97000122070312,21.049999237060547,1.0589966773986816
2023-10-24,411.74072265625,354.3125,162.1104278564453,77.72348022460938,182.9499969482422,21.020000457763672,1.0669853687286377
2023-10-25,405.831298828125,345.6404113769531,159.4324188232422,75.99322509765625,183.72000122070312,20.940000534057617,1.059535264968872
2023-10-26,400.9716491699219,339.0500183105469,159.84141540527344,77.15885162353516,184.00999450683594,20.850000381469727,1.056725025177002
2023-10-27,399.1541442871094,340.6779479980469,157.96200561523438,76.8310317993164,186.14999389648438,21.18000030517578,1.0564459562301636
2023-10-30,403.9263610839844,344.5157165527344,158.83840942382812,76.48499298095703,185.10000610351562,21.34000015258789,1.0562450885772705
2023-10-31,406.4631042480469,346.163330078125,160.2114715576172,76.11163330078125,184.08999633789062,20.979999542236328,1.061503529548645
2023-11-01,410.7978820800781,352.1716003417969,161.12686157226562,77.76188659667969,183.50999450683594,20.969999313354492,1.0579099655151367
2023-11-02,418.67059326171875,358.564697265625,165.42135620117188,79.53460693359375,184.1199951171875,20.8700008392334,1.05870521068573
2023-11-03,422.4903259277344,362.77740478515625,169.92037963867188,80.07372283935547,184.7899932861328,21.219999313354492,1.0619093179702759
2023-11-06,423.4622497558594,364.2572937011719,167.79747009277344,79.29701232910156,183.35000610351562,21.079999923706055,1.0732147693634033
2023-11-07,424.6673889160156,367.7004699707031,167.2034454345703,80.46663665771484,182.58999633789062,20.729999542236328,1.0721560716629028
2023-11-08,424.9783935546875,367.937255859375,165.42135620117188,81.83729553222656,180.77000427246094,20.649999618530273,1.0696102380752563
2023-11-09,421.6641540527344,365.1058044433594,162.86024475097656,79.95494079589844,181.49000549316406,20.690000534057617,1.0710422992706299
2023-11-10,428.244140625,373.31414794921875,164.6812744140625,80.40267181396484,179.50999450683594,20.34000015258789,1.0667576789855957
2023-11-13,427.8359375,372.14996337890625,164.73968505859375,80.21993255615234,180.50999450683594,20.43000030517578,1.069015622138977
2023-11-14,436.13623046875,380.1610412597656,173.78640747070312,82.03832244873047,182.1199951171875,21.170000076293945,1.0701825618743896
2023-11-15,437.0596008300781,380.44720458984375,174.0883026123047,80.886962890625,181.63999938964844,21.450000762939453,1.0878314971923828
2023-11-16,437.5941467285156,380.7727355957031,171.27395629882812,81.89212799072266,183.69000244140625,21.760000228881836,1.0854581594467163
2023-11-17,438.138427734375,380.86151123046875,173.62083435058594,82.27591705322266,183.6699981689453,21.75,1.0853756666183472
2023-11-20,441.51104736328125,385.4985046386719,174.63360595703125,82.77847290039062,183.3699951171875,21.479999542236328,1.090702772140503
2023-11-21,440.5487976074219,383.2589111328125,172.38412475585938,82.74195861816406,185.35000610351562,21.770000457763672,1.0945948362350464
2023-11-22,442.2497253417969,384.8276062011719,173.46505737304688,83.03433227539062,184.55999755859375,21.670000076293945,1.0918222665786743
2023-11-24,442.5218811035156,384.28497314453125,174.63360595703125,82.05662536621094,185.52000427246094,22.270000457763672,1.0906314849853516
2023-11-27,441.7248840332031,383.9495544433594,174.04933166503906,83.42727661132812,186.77000427246094,22.559999465942383,1.0940439701080322
2023-11-28,442.1622619628906,384.9558410644531,173.3773956298828,83.59173583984375,189.25999450683594,22.920000076293945,1.0958423614501953
2023-11-29,441.8511962890625,384.5809631347656,174.2928009033203,84.6425552368164,189.5399932861328,22.8799991607666,1.100594401359558
2023-11-30,443.5909729003906,383.6141052246094,174.95498657226562,83.66481018066406,188.75,23.1299991607666,1.0973695516586304
2023-12-01,446.2152099609375,384.709228515625,180.0675048828125,85.24059295654297,192.00999450683594,23.329999923706055,1.0892059803009033
2023-12-04,443.872802734375,381.1378173828125,181.99563598632812,84.90142059326172,187.86000061035156,22.459999084472656,1.088814616203308
2023-12-05,443.78533935546875,382.0947265625,179.56112670898438,86.72557830810547,187.14999389648438,22.1200008392334,1.0837758779525757
2023-12-06,441.9970703125,379.8847961425781,179.23977661132812,87.88056945800781,187.83999633789062,21.93000030517578,1.0793657302856445
2023-12-07,445.36962890625,385.19268798828125,180.53492736816406,87.37642669677734,188.14999389648438,21.790000915527344,1.076669692993164
2023-12-08,447.2843322753906,386.9093017578125,181.90798950195312,86.66141510009766,185.63999938964844,21.100000381469727,1.079214334487915
2023-12-11,449.0240478515625,390.2143249511719,182.28778076171875,86.47807312011719,183.58999633789062,20.90999984741211,1.0765769481658936
2023-12-12,451.07489013671875,393.3221435546875,182.1027374267578,86.73474884033203,183.49000549316406,20.84000015258789,1.076658010482788
2023-12-13,457.2952880859375,398.3240966796875,188.26699829101562,88.76973724365234,187.6300048828125,21.770000457763672,1.0798670053482056
2023-12-14,458.7629089355469,397.97882080078125,193.506103515625,91.07890319824219,188.72999572753906,22.149999618530273,1.0886130332946777
2023-12-15,458.00750732421875,399.90264892578125,191.87982177734375,91.18006896972656,187.0,21.829999923706055,1.0993602275848389
2023-12-18,460.5838928222656,402.42144775390625,191.947998046875,90.45355224609375,187.85000610351562,21.799999237060547,1.0895264148712158
2023-12-19,463.3846130371094,404.4777526855469,195.66793823242188,90.94094848632812,189.1300048828125,22.030000686645508,1.092382788658142
2023-12-20,456.96337890625,398.4671936035156,191.84051513671875,91.55709075927734,188.10000610351562,22.040000915527344,1.0981045961380005
2023-12-21,461.2962646484375,403.10357666015625,195.10498046875,90.97773742675781,189.42999267578125,22.309999465942383,1.0945708751678467
2023-12-22,462.2232971191406,403.7066345214844,196.9228973388672,90.56393432617188,190.27000427246094,22.1200008392334,1.100618600845337
2023-12-26,464.1750793457031,406.1780090332031,199.483642578125,90.82141876220703,191.72000122070312,22.200000762939453,1.1020255088806152
2023-12-27,465.01434326171875,407.0048828125,200.18736267089844,92.43073272705078,192.58999633789062,22.229999542236328,1.1043012142181396
2023-12-28,465.1899719238281,406.80706787109375,199.4249725341797,91.75941467285156,191.47000122070312,21.989999771118164,1.110864281654358
2023-12-29,463.84326171875,405.0465087890625,196.1703338623047,90.93177795410156,191.1699981689453,21.780000686645508,1.1068191528320312
2024-01-02,461.2474365234375,398.19219970703125,195.00721740722656,90.40756225585938,190.72000122070312,21.649999618530273,1.1038745641708374
2024-01-03,457.4805908203125,393.9787292480469,189.8075714111328,90.78462982177734,189.1300048828125,21.059999465942383,1.0941756963729858
2024-01-04,456.0069580078125,391.9511413574219,189.4361572265625,89.40520477294922,189.32000732421875,21.079999923706055,1.0927767753601074
2024-01-05,456.631591796875,392.4159851074219,188.87905883789062,88.54994201660156,189.35000610351562,21.209999084472656,1.0947387218475342
2024-01-08,463.1504211425781,400.52642822265625,192.28036499023438,89.423583984375,187.8699951171875,21.1299991607666,1.0942236185073853
2024-01-09,462.44781494140625,401.31768798828125,190.56015014648438,88.85343170166016,187.92999267578125,21.0,1.095170259475708
2024-01-10,465.0631408691406,404.0376281738281,190.66766357421875,88.4395980834961,187.5,20.940000534057617,1.0932426452636719
2024-01-11,464.8581848144531,404.8783874511719,189.17227172851562,88.93616485595703,187.8699951171875,20.81999969482422,1.0975141525268555
2024-01-12,465.1802062988281,405.0860595703125,188.8594970703125,88.76146697998047,189.7100067138672,21.190000534057617,1.0981649160385132
2024-01-16,463.4724426269531,405.0465087890625,186.52357482910156,87.19812774658203,187.91000366210938,20.959999084472656,1.0945708751678467
2024-01-17,460.8961181640625,402.7616882324219,185.19432067871094,87.06015014648438,185.83999633789062,20.649999618530273,1.087878942489624
2024-01-18,464.99481201171875,408.47857666015625,186.2889862060547,86.25092315673828,187.3699951171875,20.809999465942383,1.0885775089263916
2024-01-19,470.7914733886719,416.5791320800781,188.0775909423828,86.52679443359375,187.92999267578125,20.670000076293945,1.0879143476486206
2024-01-22,471.7868957519531,417.1231689453125,192.09461975097656,87.04179382324219,187.22000122070312,20.219999313354492,1.089229702949524
2024-01-23,473.1628723144531,418.85400390625,191.5375213623047,86.35208129882812,187.9499969482422,20.530000686645508,1.088020920753479
2024-01-24,473.68011474609375,421.1783447265625,189.96395874023438,85.84626007080078,186.39999389648438,20.709999084472656,1.0857881307601929
2024-01-25,476.25640869140625,421.6925964355469,191.5375213623047,86.40723419189453,187.13999938964844,20.940000534057617,1.088174819946289
2024-01-26,475.6513977050781,419.1803894042969,191.54730224609375,86.2417221069336,187.00999450683594,20.860000610351562,1.0847046375274658
2024-01-29,479.4182434082031,423.4730224609375,194.8997344970703,87.23490905761719,188.3300018310547,21.209999084472656,1.0843517780303955
2024-01-30,479.0474548339844,420.65411376953125,193.23817443847656,88.02577209472656,188.58999633789062,21.190000534057617,1.0834470987319946
2024-01-31,471.2306213378906,412.4151306152344,188.51744079589844,88.89021301269531,188.4499969482422,20.90999984741211,1.08433997631073
2024-02-01,477.398193359375,417.2715148925781,191.01953125,90.63387298583984,190.41000366210938,21.209999084472656,1.0803920030593872
2024-02-02,482.4239807128906,424.3236083984375,190.0128173828125,88.63189697265625,188.61000061035156,20.75,1.0874648094177246
2024-02-05,480.6673583984375,423.7697448730469,187.59869384765625,86.84207153320312,187.57000732421875,20.469999313354492,1.0780043601989746
2024-02-06,482.06292724609375,422.9190673828125,189.28955078125,87.69087219238281,188.5500030517578,20.510000228881836,1.0741831064224243
2024-02-07,486.0834655761719,427.2710876464844,188.84976196289062,87.2665023803711,188.5,20.329999923706055,1.075719952583313
2024-02-08,486.29815673828125,428.0623474121094,191.7134552001953,86.75907897949219,188.3300018310547,20.649999618530273,1.077574610710144
2024-02-09,489.1087341308594,432.2757568359375,194.83131408691406,86.58375549316406,187.60000610351562,20.68000030517578,1.0777255296707153
2024-02-12,488.89404296875,430.5844421386719,198.36941528320312,86.68527221679688,187.11000061035156,20.760000228881836,1.0798202753067017
2024-02-13,482.16046142578125,423.8686218261719,190.2082977294922,85.19992065429688,184.52999877929688,20.200000762939453,1.0772264003753662
2024-02-14,486.5421447753906,428.4876403808594,194.62606811523438,85.6335220336914,184.4199981689453,20.440000534057617,1.0708931684494019
2024-02-15,489.8991394042969,429.7635192871094,199.8159637451172,86.07637786865234,185.66000366210938,20.940000534057617,1.0732147693634033
2024-02-16,487.45947265625,425.8665466308594,197.09884643554688,85.57815551757812,186.33999633789062,21.389999389648438,1.0773887634277344
2024-02-20,484.77581787109375,422.652099609375,194.38172912597656,85.6519775390625,187.47000122070312,21.06999969482422,1.0775396823883057
2024-02-21,485.2149353027344,420.960693359375,193.46299743652344,85.04306030273438,187.47999572753906,20.959999084472656,1.0813149213790894
2024-02-22,495.2566833496094,433.2846374511719,194.92904663085938,85.45822143554688,187.55999755859375,20.81999969482422,1.0820403099060059
2024-02-23,495.5982666015625,432.0087585449219,195.36886596679688,86.60223388671875,188.6199951171875,20.989999771118164,1.0825674533843994
2024-02-26,493.78314208984375,431.7812194824219,196.60035705566406,86.34390258789062,188.1999969482422,20.6200008392334,1.0820051431655884
2024-02-27,494.700439453125,432.8197326660156,199.3859100341797,85.7350082397461,188.0,20.56999969482422,1.0850930213928223
2024-02-28,494.046630859375,430.5152282714844,197.74391174316406,86.27931213378906,188.33999633789062,20.549999237060547,1.084481120109558
2024-02-29,495.8227233886719,434.2044982910156,199.1219940185547,86.88824462890625,189.30999755859375,20.729999542236328,1.0838816165924072
2024-03-01,500.4776306152344,440.7422180175781,201.23316955566406,87.42964172363281,192.88999938964844,21.170000076293945,1.0804970264434814
2024-03-04,499.94091796875,439.16961669921875,201.04745483398438,87.07794189453125,196.00999450683594,21.860000610351562,1.084269404411316
2024-03-05,494.9444274902344,431.28668212890625,199.1219940185547,88.3180923461914,197.19000244140625,21.670000076293945,1.0855170488357544
2024-03-06,497.452392578125,433.99676513671875,200.60765075683594,88.83634185791016,198.80999755859375,22.100000381469727,1.0855995416641235
2024-03-07,502.3903503417969,440.58404541015625,202.27896118164062,88.7530517578125,199.94000244140625,22.239999771118164,1.089953899383545
2024-03-08,499.3749084472656,434.2242736816406,202.15188598632812,88.59573364257812,201.6300048828125,22.229999542236328,1.0950144529342651
2024-03-11,498.945556640625,432.612060546875,200.5489959716797,88.54947662353516,202.0,22.350000381469727,1.0942955017089844
2024-03-12,504.3128662109375,438.8135681152344,200.2753448486328,87.8090591430664,199.7899932861328,22.09000015258789,1.093135118484497
2024-03-13,503.52239990234375,435.4407958984375,201.0572509765625,87.38335418701172,201.19000244140625,22.790000915527344,1.0927767753601074
2024-03-14,502.5270080566406,434.3429260253906,197.46046447753906,86.04141998291016,200.35000610351562,22.729999542236328,1.0955302715301514
2024-03-15,499.0763244628906,429.1799621582031,197.83189392089844,86.0136489868164,199.7100067138672,23.030000686645508,1.0883406400680542
2024-03-18,502.04241943359375,433.27325439453125,196.69810485839844,85.75453186035156,200.02999877929688,22.90999984741211,1.0882576704025269
2024-03-19,504.8323059082031,434.3527526855469,197.52890014648438,85.9951400756836,199.8000030517578,22.790000915527344,1.087393879890442
2024-03-20,509.5016784667969,439.50274658203125,201.4384002685547,85.96737670898438,202.17999267578125,23.290000915527344,1.0863306522369385
2024-03-21,511.18536376953125,441.5825500488281,203.7528533935547,86.15247344970703,201.97000122070312,22.649999618530273,1.0937210321426392
2024-03-22,510.21636962890625,442.087646484375,200.94064331054688,86.97615051269531,200.35000610351562,22.559999465942383,1.0862362384796143
2024-03-25,508.8067321777344,440.48321533203125,201.4011688232422,86.54117584228516,200.99000549316406,22.579999923706055,1.0807539224624634
2024-03-26,507.866943359375,439.05706787109375,201.0386199951172,86.78180694580078,201.63999938964844,22.34000015258789,1.0838228464126587
2024-03-27,512.1349487304688,440.55255126953125,205.41860961914062,87.64248657226562,203.10000610351562,22.510000228881836,1.0832358598709106
2024-03-28,512.037109375,439.7403869628906,206.0653533935547,87.5684585571289,205.72000122070312,22.75,1.0813382863998413
2024-04-01,511.1462097167969,440.6714172363281,204.1251983642578,85.93606567382812,207.82000732421875,22.860000610351562,1.0792726278305054
2024-04-02,507.8963317871094,436.8683166503906,200.37232971191406,85.46253204345703,210.88999938964844,23.84000015258789,1.0737217664718628
2024-04-03,508.4542236328125,437.84881591796875,201.6853485107422,85.44393920898438,212.74000549316406,24.729999542236328,1.076855182647705
2024-04-04,502.2480163574219,431.15380859375,199.66683959960938,86.05679321289062,211.52000427246094,24.489999771118164,1.0838346481323242
2024-04-05,507.4949035644531,436.2345275878906,200.33311462402344,84.8589859008789,215.13999938964844,25.030000686645508,1.0837054252624512
2024-04-08,507.77880859375,436.3632507324219,201.43060302734375,84.84970092773438,216.47999572753906,25.399999618530273,1.0830481052398682
2024-04-09,508.3662109375,437.9775390625,202.22425842285156,85.63896179199219,217.6699981689453,25.719999313354492,1.0863661766052246
2024-04-10,503.27581787109375,434.1546936035156,196.8839874267578,83.77257537841797,215.61000061035156,25.450000762939453,1.0859296321868896
2024-04-11,507.07403564453125,441.0873718261719,198.21661376953125,83.39189910888672,219.8000030517578,26.010000228881836,1.074171543121338
2024-04-12,500.0748291015625,434.05560302734375,194.6890869140625,83.83757019042969,216.88999938964844,25.6299991607666,1.0726851224899292
2024-04-15,493.809814453125,426.9150085449219,191.8377227783203,82.53763580322266,220.9499969482422,26.40999984741211,1.0649627447128296
2024-04-16,492.90924072265625,426.9546203613281,191.1322021484375,81.98978424072266,221.22000122070312,25.799999237060547,1.0625749826431274
2024-04-17,489.9920959472656,421.7451477050781,189.1136932373047,82.8997573852539,219.58999633789062,25.850000381469727,1.0621461868286133
2024-04-18,488.9837951660156,419.33856201171875,188.9569091796875,82.4819107055664,220.33999633789062,25.860000610351562,1.0669398307800293
2024-04-19,484.71575927734375,410.6627502441406,189.2508544921875,82.779052734375,221.02999877929688,26.200000762939453,1.0644185543060303
2024-04-22,489.1795959472656,414.7926330566406,191.3673553466797,82.63977813720703,215.57000732421875,24.93000030517578,1.065825343132019
2024-04-23,494.9845275878906,420.9825744628906,194.57154846191406,82.66761016845703,215.0399932861328,24.989999771118164,1.065405249595642
2024-04-24,494.7495422363281,422.40875244140625,193.69943237304688,82.0826644897461,214.63999938964844,24.899999618530273,1.0704345703125
2024-04-25,492.8700866699219,420.3685302734375,192.5236053466797,81.5069580078125,215.9199981689453,25.059999465942383,1.0699878931045532
2024-04-26,497.53948974609375,426.8555908203125,194.36575317382812,81.93408203125,216.6199951171875,24.889999389648438,1.072961449623108
2024-04-29,499.3014831542969,428.58868408203125,195.9335479736328,82.62120819091797,216.17999267578125,24.829999923706055,1.0706866979599
2024-04-30,491.39190673828125,420.5071716308594,191.95529174804688,81.91551971435547,211.8699951171875,24.049999237060547,1.0715701580047607
2024-05-01,489.7962951660156,417.4666748046875,192.35702514648438,82.5193099975586,213.7899932861328,24.270000457763672,1.0666552782058716
2024-05-02,494.3775939941406,422.79498291015625,195.8943328857422,82.87340545654297,213.1300048828125,24.360000610351562,1.0721560716629028
2024-05-03,500.5055847167969,431.29248046875,197.83447265625,83.71200561523438,212.9600067138672,24.219999313354492,1.073306918144226
2024-05-06,505.6741638183594,436.0166015625,200.39190673828125,84.03812408447266,215.1999969482422,25.06999969482422,1.0758124589920044
2024-05-07,506.2321472167969,436.0859375,200.8426513671875,84.55061340332031,214.2100067138672,24.920000076293945,1.0767507553100586
2024-05-08,506.28106689453125,435.8283996582031,199.67662048339844,84.03812408447266,213.5800018310547,24.950000762939453,1.0750491619110107
2024-05-09,509.1982116699219,436.7792053222656,201.71473693847656,84.4481201171875,216.9499969482422,25.860000610351562,1.0746910572052002
2024-05-10,509.8541564941406,437.8091735839844,200.19593811035156,83.9729232788086,218.7100067138672,25.770000457763672,1.078515887260437
2024-05-13,509.922607421875,438.8193054199219,200.61729431152344,84.18721771240234,216.25999450683594,25.799999237060547,1.077040672302246
2024-05-14,512.26220703125,441.6419372558594,202.69459533691406,84.66243743896484,218.08999633789062,26.1299991607666,1.079354166984558
2024-05-15,518.6055908203125,448.54498291015625,205.22267150878906,85.81785583496094,220.88999938964844,27.1200008392334,1.0814552307128906
2024-05-16,517.5385131835938,447.63385009765625,203.7430419921875,85.73399353027344,220.02999877929688,27.059999465942383,1.0889805555343628
2024-05-17,518.2825317382812,447.41595458984375,203.89004516601562,85.15628814697266,223.66000366210938,28.790000915527344,1.0867793560028076
2024-05-20,518.8796997070312,450.53564453125,204.34075927734375,84.90471649169922,224.55999755859375,28.979999542236328,1.0875475406646729
2024-05-21,520.1522216796875,451.4170227050781,204.14479064941406,85.34264373779297,224.22999572753906,29.270000457763672,1.086082935333252
2024-05-22,518.654541015625,451.3279113769531,202.4202423095703,85.44513702392578,220.11000061035156,28.219999313354492,1.0855170488357544
2024-05-23,514.8662109375,449.29766845703125,199.0985107421875,84.89539337158203,215.72000122070312,27.549999237060547,1.0825204849243164
2024-05-24,518.2727661132812,453.5464172363281,201.30320739746094,85.14697265625,215.9199981689453,27.739999771118164,1.0812681913375854
2024-05-28,518.6348876953125,455.259765625,201.02883911132812,83.92630767822266,218.19000244140625,29.239999771118164,1.0861891508102417
2024-05-29,515.0032348632812,452.05096435546875,198.05984497070312,82.91068267822266,216.16000366210938,29.170000076293945,1.0851871967315674
2024-05-30,511.5867614746094,447.2079162597656,199.94119262695312,83.71200561523438,216.57000732421875,28.420000076293945,1.0801819562911987
2024-05-31,516.2463989257812,446.3759765625,201.62657165527344,84.28040313720703,215.3000030517578,27.760000228881836,1.0835410356521606
2024-06-03,516.6673583984375,448.7727355957031,200.48988342285156,85.64358520507812,217.22000122070312,27.889999389648438,1.0853049755096436
2024-06-04,517.2448120117188,450.00079345703125,197.90306091308594,86.64400482177734,215.27000427246094,27.020000457763672,1.0907385349273682
2024-06-05,523.3922729492188,459.07275390625,200.9308319091797,87.27980041503906,217.82000732421875,27.399999618530273,1.0881866216659546
2024-06-06,523.3826904296875,458.9142761230469,199.49044799804688,87.1489028930664,219.42999267578125,28.530000686645508,1.087453007698059
2024-06-07,522.7463989257812,458.5082092285156,197.14857482910156,85.55010223388672,211.60000610351562,26.670000076293945,1.0894432067871094
2024-06-10,524.3615112304688,460.3602294921875,197.82470703125,84.9797592163086,213.5399932861328,27.1200008392334,1.0778882503509521
2024-06-11,525.624267578125,463.5195007324219,197.14865112304688,85.85865020751953,214.14999389648438,26.709999084472656,1.0764262676239014
2024-06-12,529.9412841796875,469.590576171875,200.17507934570312,86.5037841796875,214.72000122070312,27.030000686645508,1.0740330219268799
2024-06-13,531.00830078125,472.13592529296875,198.42605590820312,87.77534484863281,212.97000122070312,26.43000030517578,1.0813149213790894
2024-06-14,531.3314208984375,474.5821838378906,195.27188110351562,88.51396179199219,215.72999572753906,27.010000228881836,1.0738831758499146
2024-06-17,535.5601196289062,480.39569091796875,196.91282653808594,87.63508605957031,214.61000061035156,26.920000076293945,1.0702168941497803
2024-06-18,536.9208374023438,480.54425048828125,197.25674438476562,88.43914794921875,215.47000122070312,26.959999084472656,1.0740677118301392
2024-06-20,535.46240234375,476.8402404785156,196.4215545654297,87.85014343261719,218.16000366210938,28.0,1.0751532316207886
2024-06-21,534.7445068359375,475.5626525878906,196.8636932373047,87.85014343261719,214.77999877929688,26.979999542236328,1.0706409215927124
2024-06-24,533.0061645507812,470.1485290527344,197.7185516357422,88.20542907714844,215.6300048828125,27.0,1.0687757730484009
2024-06-25,535.0587158203125,475.5249328613281,197.07005310058594,88.35501098632812,214.55999755859375,26.399999618530273,1.0732723474502563
2024-06-26,535.7265014648438,476.5069885253906,196.5492706298828,87.09281158447266,212.5800018310547,26.309999465942383,1.0709619522094727
2024-06-27,536.571044921875,477.73699951171875,198.5439453125,87.43875122070312,214.99000549316406,26.450000762939453,1.068010926246643
2024-06-28,534.4596557617188,475.2571105957031,199.3594970703125,85.81189727783203,215.00999450683594,26.56999969482422,1.0708472728729248
2024-07-01,535.5595092773438,478.0445251464844,197.6890869140625,84.33085632324219,215.57000732421875,26.850000381469727,1.0735257863998413
2024-07-02,539.1637573242188,483.0638122558594,198.36708068847656,84.9874267578125,215.55999755859375,26.969999313354492,1.0737102031707764
2024-07-03,541.56982421875,487.0912170410156,198.3179473876953,86.10358428955078,217.99000549316406,27.84000015258789,1.0748412609100342
2024-07-05,544.6927490234375,492.1700134277344,197.37464904785156,86.81641387939453,220.92999267578125,28.479999542236328,1.0810693502426147
2024-07-08,545.3212890625,493.3404846191406,198.7601318359375,87.00401306152344,218.19000244140625,28.1299991607666,1.082602620124817
2024-07-09,545.8516235351562,493.76702880859375,197.8954315185547,86.61946105957031,218.55999755859375,28.1200008392334,1.0830950736999512
2024-07-10,551.2529907226562,498.91534423828125,199.83114624023438,86.89144897460938,219.36000061035156,28.15999984741211,1.0814785957336426
2024-07-11,546.4996948242188,487.9739990234375,207.01394653320312,87.73561096191406,223.25,28.68000030517578,1.083329677581787
2024-07-12,549.9468383789062,490.8407897949219,209.43113708496094,88.11080169677734,223.11000061035156,28.1200008392334,1.0872756242752075
2024-07-15,551.4592895507812,492.1600646972656,213.41065979003906,87.09781646728516,223.8300018310547,28.030000686645508,1.0885539054870605
2024-07-16,554.7294311523438,492.3485412597656,220.6917266845703,88.32653045654297,228.2899932861328,28.610000610351562,1.0901559591293335
2024-07-17,546.9515380859375,477.8957214355469,218.3826141357422,88.34528350830078,227.22999572753906,27.670000076293945,1.0902509689331055
2024-07-18,542.748291015625,475.6340637207031,214.15745544433594,87.66996765136719,225.77999877929688,27.200000762939453,1.094020128250122
2024-07-19,539.14404296875,471.418212890625,213.06675720214844,87.15409088134766,221.72999572753906,26.690000534057617,1.0901559591293335
2024-07-22,544.7025756835938,478.4412841796875,216.4567108154297,86.90083312988281,221.8000030517578,26.6299991607666,1.0899182558059692
2024-07-23,543.8482666015625,476.7549743652344,218.75601196289062,86.7789077758789,222.5800018310547,26.68000030517578,1.0889805555343628
2024-07-24,531.5233154296875,459.6536560058594,214.05917358398438,85.84098052978516,221.8000030517578,26.43000030517578,1.0850694179534912
2024-07-25,528.7538452148438,454.5846862792969,216.73187255859375,86.54442596435547,218.3300018310547,25.40999984741211,1.0839520692825317
2024-07-26,534.6757202148438,459.2469177246094,220.31834411621094,87.21974182128906,220.6300048828125,25.479999542236328,1.0851283073425293
2024-07-29,534.9899291992188,460.16943359375,217.8716583251953,87.6886978149414,220.32000732421875,25.440000534057617,1.0853756666183472
2024-07-30,532.2794799804688,453.8506164550781,218.6970672607422,88.02638244628906,222.52000427246094,25.829999923706055,1.081946611404419
2024-07-31,540.9314575195312,467.2817687988281,219.964599609375,88.92679595947266,226.5500030517578,26.389999389648438,1.0816072225570679
2024-08-01,533.2713623046875,455.9635314941406,212.81129455566406,89.69378662109375,225.77000427246094,26.030000686645508,1.082391619682312
2024-08-02,523.3427734375,445.1412353515625,205.2845916748047,92.48878479003906,225.33999633789062,26.040000915527344,1.0787602663040161
2024-08-05,508.1011047363281,431.8688659667969,198.68150329589844,92.97813415527344,222.47999572753906,24.860000610351562,1.0910836458206177
2024-08-06,512.7855224609375,435.9953918457031,200.8432159423828,90.89836883544922,220.6999969482422,24.639999389648438,1.0950982570648193
2024-08-07,509.3580017089844,431.2736511230469,198.46531677246094,90.25845336914062,220.5500030517578,24.329999923706055,1.0926215648651123
2024-08-08,521.133056640625,444.46673583984375,203.28990173339844,89.70320892333984,224.00999450683594,25.010000228881836,1.0928125381469727
2024-08-09,523.4309692382812,446.7879333496094,202.8673858642578,90.5877914428711,224.55999755859375,25.0,1.0915720462799072
2024-08-12,523.7061157226562,447.7501220703125,201.0397491455078,90.91717529296875,228.41000366210938,25.489999771118164,1.091381311416626
2024-08-13,532.3186645507812,458.8600158691406,204.35110473632812,91.54769897460938,228.05999755859375,25.420000076293945,1.0936251878738403
2024-08-14,533.9981079101562,459.00885009765625,203.0835418701172,92.12175750732422,226.1999969482422,25.1299991607666,1.0996986627578735
2024-08-15,543.15087890625,470.6048278808594,208.3502655029297,91.37830352783203,226.91000366210938,25.860000610351562,1.1013215780258179
2024-08-16,544.36865234375,471.2099304199219,208.90054321289062,91.69828796386719,231.99000549316406,26.43000030517578,1.0972732305526733
2024-08-19,549.5736083984375,477.3997497558594,211.4552764892578,92.12175750732422,231.61000061035156,26.829999923706055,1.1024993658065796
2024-08-20,548.679931640625,476.39788818359375,208.98898315429688,92.85578918457031,232.4600067138672,26.8700008392334,1.1086474657058716
2024-08-21,550.5655517578125,478.6198425292969,211.71078491210938,92.91226196289062,232.14999389648438,26.950000762939453,1.112792730331421
2024-08-22,546.244384765625,471.0313415527344,209.84384155273438,91.98999786376953,229.3699951171875,26.389999389648438,1.115536093711853
2024-08-23,552.0484008789062,476.1399230957031,216.545166015625,92.59229278564453,232.02000427246094,27.200000762939453,1.111716389656067
2024-08-26,550.732421875,471.5174255371094,216.6139373779297,92.3570327758789,232.75999450683594,27.31999969482422,1.1187934875488281
2024-08-27,551.4885864257812,472.926025390625,214.93370056152344,92.19705963134766,233.38999938964844,27.360000610351562,1.1164700984954834
2024-08-28,548.287109375,467.55950927734375,213.4794464111328,92.0841064453125,231.75,26.690000534057617,1.117793083190918
2024-08-29,548.336181640625,466.8750915527344,215.00247192382812,91.78296661376953,232.9499969482422,26.809999465942383,1.1124955415725708
2024-08-30,553.5706787109375,472.4399719238281,216.25038146972656,90.80425262451172,231.2899932861328,26.350000381469727,1.1080454587936401
2024-09-03,542.1787109375,458.09625244140625,209.6374969482422,92.28936767578125,230.2899932861328,25.579999923706055,1.1067456007003784
2024-09-04,541.0689697265625,456.9058532714844,209.2837677001953,93.47900390625,230.42999267578125,25.68000030517578,1.1048868894577026
2024-09-05,539.7529907226562,457.3324279785156,208.2421875,94.0077133178711,232.35000610351562,26.229999542236328,1.1080454587936401
2024-09-06,530.6688842773438,445.0817565917969,204.28231811523438,93.99827575683594,230.6300048828125,25.479999542236328,1.1111111640930176
2024-09-09,536.6103515625,450.80535888671875,204.85223388671875,94.40424346923828,231.60000610351562,25.850000381469727,1.1087212562561035
2024-09-10,538.9476928710938,454.9715881347656,204.68516540527344,95.06515502929688,232.6199951171875,25.940000534057617,1.1037527322769165
2024-09-11,544.4767456054688,464.85150146484375,205.2845916748047,94.98961639404297,232.25,26.1200008392334,1.1020983457565308
2024-09-12,549.0629272460938,469.41448974609375,207.9277801513672,94.54586791992188,236.3300018310547,27.270000457763672,1.1010911464691162
2024-09-13,551.9305419921875,471.5174255371094,213.0569305419922,94.80078125,238.67999267578125,28.020000457763672,1.1077877283096313
2024-09-16,552.7457275390625,469.4342956542969,213.8233642578125,95.66940307617188,238.66000366210938,28.06999969482422,1.1088441610336304
2024-09-17,552.9716186523438,469.6822814941406,215.592041015625,95.20674133300781,237.33999633789062,27.959999084472656,1.1129536628723145
2024-09-18,551.33154296875,467.6488037109375,215.63134765625,94.02659606933594,235.50999450683594,27.239999771118164,1.1123099327087402
2024-09-19,560.73974609375,479.4729309082031,220.07269287109375,93.71503448486328,239.1699981689453,28.09000015258789,1.1114816665649414
2024-09-20,559.7703857421875,478.5603332519531,217.7144775390625,93.35625457763672,242.2100067138672,28.40999984741211,1.1161960363388062
2024-09-23,561.1691284179688,479.828857421875,216.9185333251953,93.1579818725586,242.67999267578125,27.979999542236328,1.1160838603973389
2024-09-24,562.77490234375,482.1433410644531,217.2821044921875,93.13911437988281,246.07000732421875,29.3799991607666,1.1111727952957153
2024-09-25,561.53369140625,482.5903625488281,214.63186645507812,92.36490631103516,245.72999572753906,29.059999465942383,1.1191190481185913
2024-09-26,563.7599487304688,486.2160949707031,215.77557373046875,92.58207702636719,246.97999572753906,29.260000228881836,1.1131023168563843
2024-09-27,562.9423217773438,483.5141906738281,217.2347869873047,93.06356811523438,245.02000427246094,28.860000610351562,1.117717981338501
2024-09-30,565.1981811523438,484.825439453125,217.7869110107422,92.61982727050781,243.05999755859375,28.40999984741211,1.1169815063476562
2024-10-01,560.1348876953125,478.0705871582031,214.8290557861328,93.28855895996094,245.61000061035156,28.579999923706055,1.113660216331482
2024-10-02,560.371337890625,478.74609375,214.53326416015625,92.50238037109375,245.66000366210938,29.0,1.1063904762268066
2024-10-03,559.3468627929688,478.3884582519531,213.0937957763672,91.6309585571289,245.49000549316406,29.229999542236328,1.1048502922058105
2024-10-04,564.4298095703125,484.08038330078125,216.07135009765625,90.50382232666016,245.0,29.360000610351562,1.103557825088501
2024-10-07,559.3271484375,478.8951110839844,214.37551879882812,89.82185363769531,244.1699981689453,28.93000030517578,1.0974539518356323
2024-10-08,564.616943359375,486.0472106933594,214.52342224121094,89.97337341308594,242.3699951171875,28.010000228881836,1.0975743532180786
2024-10-09,568.5277709960938,489.8716125488281,214.99667358398438,89.46188354492188,241.0500030517578,27.860000610351562,1.0975743532180786
2024-10-10,567.5327758789062,489.31536865234375,213.8036651611328,89.11144256591797,242.82000732421875,28.3799991607666,1.0943313837051392
2024-10-11,570.9313354492188,490.0802307128906,218.15171813964844,88.75151062011719,245.47000122070312,28.799999237060547,1.0933860540390015
2024-10-14,575.6006469726562,494.19268798828125,219.75881958007812,88.81781768798828,245.07000732421875,28.540000915527344,1.0925379991531372
2024-10-15,571.12841796875,487.5869140625,219.9363250732422,89.89762115478516,245.9199981689453,28.709999084472656,1.0909169912338257
2024-10-16,573.6107788085938,487.6465148925781,223.5547332763672,90.2764892578125,247.14999389648438,28.90999984741211,1.0884116888046265
2024-10-17,573.659912109375,487.9842529296875,222.94345092773438,88.84623718261719,248.6300048828125,28.889999389648438,1.0862481594085693
2024-10-18,575.8666381835938,491.182861328125,222.4800567626953,88.91253662109375,251.27000427246094,30.639999389648438,1.0829542875289917
2024-10-21,574.9208984375,492.1265563964844,218.9799346923828,87.3591537475586,251.22000122070312,30.850000381469727,1.0868619680404663
2024-10-22,574.6155395507812,492.6629333496094,218.15171813964844,87.44439697265625,253.92999267578125,31.739999771118164,1.0817828178405762
2024-10-23,569.364990234375,485.11346435546875,216.1601104736328,87.20759582519531,250.8699951171875,30.709999084472656,1.079727053642273
2024-10-24,570.596435546875,489.0471496582031,216.63336181640625,87.76644134521484,252.8000030517578,30.690000534057617,1.0780508518218994
2024-10-25,570.3993530273438,492.0272216796875,215.81500244140625,87.27389526367188,253.32000732421875,30.6299991607666,1.0824151039123535
2024-10-28,572.1627197265625,492.106689453125,219.33486938476562,87.03710174560547,253.3300018310547,30.729999542236328,1.0796570777893066
2024-10-29,573.088623046875,496.8350830078125,218.62498474121094,87.1697006225586,256.0899963378906,31.389999389648438,1.0816774368286133
2024-10-30,571.3549194335938,493.08013916015625,218.32920837402344,87.42545318603516,257.5,30.809999465942383,1.0820636749267578
2024-10-31,560.1546020507812,480.63348388671875,214.7008819580078,87.5675277709961,253.50999450683594,29.809999465942383,1.0859178304672241
2024-11-01,562.5187377929688,484.1896667480469,215.90374755859375,86.33296966552734,252.47000122070312,29.540000915527344,1.0886130332946777
2024-11-04,561.30712890625,482.77911376953125,216.99813842773438,87.67302703857422,252.8300018310547,29.6299991607666,1.087453007698059
2024-11-05,568.0942993164062,488.93792724609375,221.07998657226562,88.13870239257812,253.39999389648438,29.75,1.0874056816101074
2024-11-06,582.2202758789062,502.2189636230469,233.88751220703125,85.72473907470703,245.6999969482422,28.43000030517578,1.093445897102356
2024-11-07,586.72216796875,510.12603759765625,233.059326171875,86.79866790771484,249.64999389648438,29.110000610351562,1.073306918144226
2024-11-08,589.263671875,510.7221374511719,234.77487182617188,87.90111541748047,247.9600067138672,28.479999542236328,1.0795172452926636
2024-11-11,589.8251342773438,510.42413330078125,238.30458068847656,87.47343444824219,242.13999938964844,27.969999313354492,1.0714898109436035
2024-11-12,587.9928588867188,509.500244140625,234.1241455078125,86.16191864013672,240.0500030517578,28.06999969482422,1.066439151763916
2024-11-13,588.2784423828125,508.8446350097656,231.80715942382812,85.3445816040039,237.6300048828125,27.610000610351562,1.061672568321228
2024-11-14,584.4959106445312,505.3083801269531,228.6816864013672,85.83877563476562,237.00999450683594,27.809999465942383,1.0564124584197998
2024-11-15,577.00927734375,493.2688903808594,225.27029418945312,85.6106948852539,236.58999633789062,27.56999969482422,1.0530084371566772
2024-11-18,579.37353515625,496.6959533691406,225.71397399902344,85.76276397705078,241.08999633789062,28.3799991607666,1.0533745288848877
2024-11-19,581.4913940429688,500.11309814453125,227.39010620117188,86.19991302490234,243.25,28.5,1.059490442276001
2024-11-20,581.6883544921875,499.8250427246094,227.68588256835938,85.92432403564453,244.6199951171875,28.100000381469727,1.0607603788375854
2024-11-21,584.8109741210938,501.6230163574219,231.14657592773438,85.85779571533203,246.66000366210938,28.040000915527344,1.0546187162399292
2024-11-22,586.6235961914062,502.4276123046875,235.41575622558594,85.90531921386719,249.83999633789062,28.469999313354492,1.0469341278076172
2024-11-25,588.613525390625,503.2222595214844,238.99473571777344,88.12921142578125,242.47999572753906,27.6299991607666,1.0479873418807983
2024-11-26,591.6869506835938,505.9241943359375,237.23976135253906,87.78707122802734,242.9499969482422,27.799999237060547,1.0444300174713135
2024-11-27,589.89404296875,501.94085693359375,237.5651092529297,88.39531707763672,243.49000549316406,27.450000762939453,1.0491198301315308
2024-11-29,593.5586547851562,506.351318359375,238.47218322753906,89.30769348144531,245.58999633789062,27.920000076293945,1.0563008785247803
2024-12-02,594.6223754882812,511.86444091796875,238.3538818359375,89.52227020263672,243.44000244140625,27.790000915527344,1.0545074939727783
2024-12-03,594.8982543945312,513.4339599609375,236.6580352783203,88.74976348876953,243.92999267578125,28.280000686645508,1.0501223802566528
2024-12-04,598.59228515625,519.781494140625,237.5059356689453,89.70345306396484,244.6699981689453,28.530000686645508,1.0510826110839844
2024-12-05,597.6071166992188,518.3411254882812,234.7354278564453,89.88465881347656,242.86000061035156,28.559999465942383,1.051414132118225
2024-12-06,598.7401123046875,522.9801025390625,235.573486328125,90.0181884765625,242.9499969482422,28.25,1.058559536933899
2024-12-09,595.6567993164062,518.9073486328125,234.3903350830078,89.1884765625,245.36000061035156,28.979999542236328,1.0565463304519653
2024-12-10,593.804931640625,517.13916015625,233.3748016357422,88.76884460449219,248.58999633789062,28.989999771118164,1.0555204153060913
2024-12-11,598.3953247070312,526.397216796875,234.42979431152344,87.92959594726562,250.9600067138672,29.040000915527344,1.0532968044281006
2024-12-12,595.3120727539062,522.9998779296875,231.38319396972656,86.86148834228516,247.27999877929688,28.200000762939453,1.0506850481033325
2024-12-13,595.1937866210938,527.003173828125,229.7958221435547,85.97456359863281,244.2899932861328,27.75,1.0474056005477905
2024-12-16,597.7352905273438,534.5923461914062,231.14657592773438,86.23206329345703,244.8800048828125,27.799999237060547,1.051005244255066
2024-12-17,595.2726440429688,532.238037109375,228.50033569335938,86.44185638427734,243.94000244140625,27.809999465942383,1.0517348051071167
2024-12-18,577.5313720703125,513.0365600585938,218.3841094970703,85.36097717285156,239.25999450683594,26.850000381469727,1.0495051145553589
2024-12-19,577.35400390625,510.75189208984375,217.4149932861328,84.06847381591797,239.60000610351562,26.520000457763672,1.0350252389907837
2024-12-20,584.2886352539062,515.2120361328125,219.4520721435547,84.54717254638672,242.10000610351562,26.920000076293945,1.0364949703216553
2024-12-23,587.7875366210938,520.2315673828125,218.94776916503906,83.77171325683594,240.9600067138672,26.989999771118164,1.0433076620101929
2024-12-24,594.32080078125,527.2858276367188,220.90574645996094,84.12593841552734,241.44000244140625,27.020000457763672,1.0405826568603516
2024-12-26,594.3603515625,526.9276733398438,223.17027282714844,84.07807922363281,243.07000732421875,27.139999389648438,1.0399551391601562
2024-12-27,588.1038208007812,519.9231567382812,219.91685485839844,83.38874053955078,241.39999389648438,26.760000228881836,1.0423181056976318
2024-12-30,581.392578125,513.0081787109375,218.2258758544922,84.05891418457031,240.6300048828125,26.43000030517578,1.0429377555847168
2024-12-31,579.2774658203125,508.6503601074219,218.5027618408203,83.60894775390625,242.1300048828125,26.329999923706055,1.040615200996399
2025-01-02,577.8541259765625,507.6553955078125,218.68077087402344,83.8387222290039,245.4199981689453,26.93000030517578,1.0351860523223877
2025-01-03,585.0792846679688,515.9632568359375,221.93417358398438,83.5706558227539,243.49000549316406,26.979999542236328,1.0268205404281616
2025-01-06,588.4497680664062,521.8931274414062,222.02317810058594,83.19725799560547,243.19000244140625,27.239999771118164,1.0305347442626953
2025-01-07,581.7979125976562,512.580322265625,220.24319458007812,82.25902557373047,244.55999755859375,27.329999923706055,1.0386372804641724
2025-01-08,582.6478881835938,512.6699829101562,219.2444305419922,82.36433410644531,245.86000061035156,27.399999618530273,1.034554123878479
2025-01-10,573.7523193359375,504.6307373046875,214.41868591308594,81.8186264038086,248.2100067138672,27.610000610351562,1.0297601222991943
2025-01-13,574.6419067382812,503.0089111328125,214.8340301513672,81.78990173339844,245.74000549316406,26.959999084472656,1.0244431495666504
2025-01-14,575.4325561523438,502.5313415527344,217.2765350341797,81.6558609008789,247.02999877929688,27.200000762939453,1.0265253782272339
2025-01-15,585.8997192382812,514.0926513671875,221.54849243164062,83.06324005126953,248.8800048828125,27.959999084472656,1.0306835174560547
2025-01-16,584.7728881835938,510.4910583496094,221.99351501464844,83.33131408691406,250.60000610351562,28.040000915527344,1.0295268297195435
2025-01-17,590.64404296875,519.1072387695312,222.95272827148438,83.47492218017578,249.27000427246094,27.610000610351562,1.0301949977874756
2025-01-21,596.0504150390625,522.15185546875,227.23455810546875,84.2216796875,253.1300048828125,28.040000915527344,1.0420682430267334
2025-01-22,599.4011840820312,528.8280029296875,225.75125122070312,83.78128814697266,254.42999267578125,28.049999237060547,1.0405935049057007
2025-01-23,602.6727294921875,529.9522705078125,226.77969360351562,83.13025665283203,254.07000732421875,27.770000457763672,1.0410159826278687
2025-01-24,600.913330078125,526.9574584960938,226.14678955078125,83.50363159179688,255.64999389648438,27.90999984741211,1.041601538658142
2025-01-27,592.4132080078125,511.6153259277344,223.9811553955078,84.48973846435547,252.99000549316406,27.459999084472656,1.0467586517333984
2025-01-28,597.50341796875,519.177001953125,224.22837829589844,84.43230438232422,255.17999267578125,27.6299991607666,1.0445064306259155
2025-01-29,594.8248291015625,518.201904296875,223.71412658691406,84.25995635986328,254.1999969482422,28.0,1.0429050922393799
2025-01-30,598.0173950195312,520.4105834960938,225.98858642578125,84.57591247558594,258.04998779296875,28.719999313354492,1.0425245761871338
2025-01-31,594.8347778320312,519.6544799804688,223.96136474609375,84.02062225341797,258.55999755859375,28.510000228881836,1.0397279262542725
2025-02-03,590.831787109375,515.49560546875,221.34085083007812,84.70472717285156,259.94000244140625,28.670000076293945,1.024779200553894
2025-02-04,594.7952270507812,521.8235473632812,224.40635681152344,84.9641342163086,262.5,29.219999313354492,1.0327378511428833
2025-02-05,597.2069091796875,524.1914672851562,226.84889221191406,86.3669204711914,264.1300048828125,29.350000381469727,1.0372798442840576
2025-02-06,599.2825317382812,526.9276733398438,226.1072235107422,86.32847595214844,263.42999267578125,29.3799991607666,1.0400848388671875
2025-02-07,593.7969970703125,520.2813110351562,223.48670959472656,85.77120971679688,263.8999938964844,29.030000686645508,1.0385725498199463
2025-02-10,597.82958984375,526.579345703125,224.49537658691406,85.51179504394531,268.3699951171875,29.200000762939453,1.0311616659164429
2025-02-11,598.2843017578125,525.3257446289062,223.1900634765625,84.9641342163086,267.3900146484375,29.0,1.0301525592803955
2025-02-12,596.3568725585938,525.6341552734375,221.1331787109375,83.8111801147461,267.6700134277344,29.34000015258789,1.0364949703216553
2025-02-13,602.6529541015625,533.1959228515625,223.6251678466797,85.2043228149414,270.30999755859375,29.459999084472656,1.039198637008667
2025-02-14,602.6232299804688,535.4345092773438,223.45704650878906,85.65592193603516,266.2900085449219,29.309999465942383,1.0461673736572266
2025-02-18,604.3925170898438,536.6483154296875,224.68325805664062,84.64705657958984,270.70001220703125,29.90999984741211,1.048536777496338
2025-02-19,605.8157958984375,536.797607421875,223.9119110107422,84.75275421142578,270.8500061035156,29.809999465942383,1.044833779335022
2025-02-20,603.29541015625,534.5191040039062,221.7660675048828,85.06982421875,270.989990234375,29.950000762939453,1.0421009063720703
2025-02-21,592.9766235351562,523.4254150390625,215.37789916992188,86.09789276123047,270.739990234375,29.59000015258789,1.0500562191009521
2025-02-24,590.2781982421875,517.2467041015625,213.8253631591797,86.34769439697266,272.2099914550781,29.440000534057617,1.0474823713302612
2025-02-25,587.3427734375,510.7298278808594,213.0144805908203,87.83695220947266,268.6199951171875,28.829999923706055,1.0461344718933105
2025-02-26,587.63916015625,511.96356201171875,213.28147888183594,88.35578155517578,269.0299987792969,28.940000534057617,1.0524100065231323
2025-02-27,578.2593994140625,497.74560546875,210.02806091308594,87.73125457763672,264.92999267578125,28.399999618530273,1.0488777160644531
2025-02-28,587.283447265625,505.60577392578125,212.26292419433594,88.80735778808594,263.2699890136719,28.309999465942383,1.039511799812317
2025-03-03,576.9942626953125,494.5418701171875,206.45822143554688,89.2218017578125,266.739990234375,28.75,1.0413846969604492
2025-03-04,570.1644897460938,493.0494384765625,204.1244659423828,88.12303924560547,269.05999755859375,29.0,1.0485037565231323
2025-03-05,576.29248046875,499.4768371582031,206.15167236328125,87.41944885253906,269.6199951171875,29.770000457763672,1.062699317932129
2025-03-06,566.0626220703125,485.7365417480469,202.99713134765625,87.13028717041016,268.25,29.690000534057617,1.0794938802719116
2025-03-07,569.2353515625,489.30841064453125,203.65969848632812,86.85077667236328,268.3900146484375,29.59000015258789,1.0787951946258545
2025-03-10,554.073486328125,470.3446044921875,198.53729248046875,87.75678253173828,266.0400085449219,29.110000610351562,1.086059331893921
2025-03-11,549.4674682617188,469.2203063964844,198.51751708984375,87.13028717041016,269.1600036621094,29.959999084472656,1.0839403867721558
2025-03-12,552.38330078125,474.5134582519531,198.86363220214844,86.60983276367188,270.3299865722656,30.219999313354492,1.0914170742034912
2025-03-13,545.019775390625,465.97674560546875,195.89698791503906,87.37125396728516,275.1300048828125,30.739999771118164,1.0886249542236328
2025-03-14,556.2775268554688,477.2396545410156,200.6337127685547,86.90862274169922,275.239990234375,30.709999084472656,1.085564136505127
2025-03-17,560.5671997070312,480.33392333984375,203.1652374267578,87.34234619140625,276.7300109863281,30.809999465942383,1.0881274938583374
2025-03-18,554.50830078125,472.14544677734375,201.40110778808594,87.42909240722656,279.9599914550781,30.850000381469727,1.091917634010315
2025-03-19,560.54736328125,478.46343994140625,204.532958984375,87.88209533691406,281.1099853515625,30.75,1.093948245048523
2025-03-20,558.9264526367188,476.8416442871094,203.234619140625,87.9399185180664,280.75,30.5,1.0911908149719238
2025-03-21,559.1107788085938,478.41363525390625,201.97592163085938,87.41944885253906,278.489990234375,30.020000457763672,1.0856702327728271
2025-03-24,569.1236572265625,488.91217041015625,207.00079345703125,86.5230941772461,277.25,29.959999084472656,1.0835762023925781
2025-03-25,570.4917602539062,491.7021789550781,205.8511199951172,86.5134506225586,278.4700012207031,30.579999923706055,1.0803569555282593
2025-03-26,563.6810913085938,482.6545104980469,203.75990295410156,85.94477081298828,278.239990234375,30.530000686645508,1.0787487030029297
2025-03-27,562.18408203125,479.90435791015625,202.7886199951172,85.69419860839844,281.9700012207031,31.31999969482422,1.0742061138153076
2025-03-28,550.8626708984375,467.26953125,198.6656494140625,86.87971496582031,284.05999755859375,31.0,1.080100178718567
2025-03-31,554.5604248046875,467.24957275390625,197.71420288085938,87.73751068115234,288.1400146484375,30.989999771118164,1.082391619682312
2025-04-01,556.1268310546875,471.01611328125,197.7340087890625,88.49779510498047,287.57000732421875,30.6299991607666,1.0818880796432495
2025-04-02,559.6461791992188,474.4538269042969,200.85598754882812,88.43976593017578,288.1600036621094,30.760000228881836,1.0795987844467163
2025-04-03,532.0663452148438,449.05462646484375,187.9617919921875,88.84603881835938,286.4200134277344,28.889999389648438,1.090869426727295
2025-04-04,500.9176330566406,421.16436767578125,179.5771026611328,89.81330871582031,279.7200012207031,27.079999923706055,1.1043744087219238
2025-04-07,500.0254211425781,422.1806945800781,177.9517059326172,87.10489654541016,273.7099914550781,27.139999389648438,1.098454475402832
2025-04-08,492.193603515625,414.5778503417969,173.26380920410156,85.46050262451172,275.20001220703125,27.139999389648438,1.0915361642837524
2025-04-09,543.8834838867188,464.3399963378906,187.9915313720703,85.9635009765625,285.3800048828125,28.059999465942383,1.0980443954467773
2025-04-10,520.051025390625,444.590576171875,180.0924835205078,83.59361267089844,292.3500061035156,28.280000686645508,1.0952062606811523
2025-04-11,529.3302001953125,452.78131103515625,182.71888732910156,84.04824829101562,297.92999267578125,29.190000534057617,1.1257838010787964
2025-04-14,534.4654541015625,455.850341796875,184.8695526123047,84.64798736572266,296.2300109863281,29.3799991607666,1.1343141794204712
2025-04-15,532.9684448242188,456.3584899902344,185.09751892089844,84.94783782958984,297.7799987792969,29.40999984741211,1.1339668035507202
2025-04-16,521.1216430664062,442.59771728515625,183.32345581054688,85.42179870605469,307.4700012207031,29.760000228881836,1.1292672157287598
2025-04-17,521.8651733398438,442.51800537109375,184.82000732421875,84.66731262207031,306.1199951171875,29.549999237060547,1.1396790742874146
2025-04-22,522.6979370117188,442.89666748046875,185.80120849609375,83.65165710449219,311.1099853515625,29.5,1.1512778997421265
2025-04-23,530.79736328125,452.94073486328125,188.55645751953125,84.46418762207031,303.6499938964844,30.559999465942383,1.1351252794265747
2025-04-24,541.9700927734375,465.6851806640625,192.33253479003906,85.35409545898438,308.07000732421875,30.559999465942383,1.132733702659607
2025-04-25,545.8860473632812,470.8766174316406,192.3920135498047,85.98283386230469,304.7300109863281,30.049999237060547,1.1371906995773315
2025-04-28,546.0941772460938,470.7271423339844,193.2047119140625,86.52452087402344,309.07000732421875,30.190000534057617,1.1343141794204712
2025-04-29,549.5342407226562,473.8360290527344,194.34446716308594,87.24999237060547,306.05999755859375,29.829999923706055,1.1409143209457397
2025-04-30,549.7523193359375,473.7762145996094,193.1254119873047,86.54386901855469,303.7699890136719,29.600000381469727,1.1389262676239014
2025-05-01,553.6483764648438,479.9640808105469,194.32464599609375,86.10504150390625,297.4599914550781,29.389999389648438,1.1324899196624756
2025-05-02,561.8668823242188,487.0886535644531,198.69540405273438,85.17302703857422,297.9800109863281,29.1200008392334,1.1296498775482178
2025-05-05,558.6448974609375,484.198974609375,197.16909790039062,84.69730377197266,306.8800048828125,29.479999542236328,1.1323232650756836
2025-05-06,553.9755249023438,479.6950988769531,195.01841735839844,84.97884368896484,315.4800109863281,30.219999313354492,1.1313369274139404
2025-05-07,556.3052978515625,481.5783386230469,195.66262817382812,85.33807373046875,310.75,29.489999771118164,1.1342755556106567
2025-05-08,560.1814575195312,486.55059814453125,199.38914489746094,84.38662719726562,304.6300048828125,29.459999084472656,1.1306205987930298
2025-05-09,559.4677734375,486.231689453125,199.02244567871094,84.51284790039062,306.8399963378906,29.799999237060547,1.122422695159912
2025-05-12,577.9567260742188,506.0409240722656,206.0196075439453,83.72645568847656,298.19000244140625,29.6299991607666,1.12296462059021
2025-05-13,581.7734985351562,513.7533569335938,206.77285766601562,83.38665771484375,299.4599914550781,29.93000030517578,1.1095577478408813
2025-05-14,582.5170288085938,516.832275390625,204.93931579589844,82.83326721191406,293.1600036621094,29.25,1.1185556650161743
2025-05-15,585.3622436523438,517.4003295898438,206.27731323242188,83.5614013671875,297.8399963378906,29.610000610351562,1.1181930303573608
2025-05-16,589.0699462890625,519.6522827148438,207.98199462890625,83.78469848632812,294.239990234375,29.299999237060547,1.1192693710327148
2025-05-19,589.7142944335938,520.1504516601562,207.10983276367188,83.54199981689453,298.0299987792969,29.420000076293945,1.1187559366226196
2025-05-20,587.7315673828125,518.4166870117188,207.21884155273438,82.94007110595703,303.5799865722656,30.1299991607666,1.1233429908752441
2025-05-21,577.8277587890625,511.2123718261719,201.40110778808594,81.52261352539062,305.82000732421875,30.510000228881836,1.1287955045700073
2025-05-22,578.0558471679688,512.1690063476562,201.3911590576172,81.94979858398438,303.1099853515625,30.030000686645508,1.133118748664856
2025-05-23,574.1102294921875,507.4259338378906,200.7568817138672,82.0857162475586,309.75,30.450000762939453,1.1281843185424805
2025-05-27,586.0462646484375,519.3632202148438,205.8511199951172,83.2313232421875,304.5,30.229999542236328,1.1388484239578247
2025-05-28,582.6558227539062,517.0614624023438,203.68060302734375,82.87210083007812,303.80999755859375,29.979999542236328,1.1337097883224487
2025-05-29,584.9557495117188,518.077880859375,204.28517150878906,83.6390609741211,305.6099853515625,30.299999237060547,1.123368263244629
2025-05-30,584.301513671875,517.2607421875,203.24453735351562,83.7652816772461,303.6000061035156,30.0,1.1378376483917236
2025-06-02,587.5928955078125,521.3462524414062,203.87884521484375,82.98572540283203,311.6700134277344,31.59000015258789,1.1353315114974976
2025-06-03,590.943603515625,525.4215698242188,207.16928100585938,82.83953857421875,308.9100036621094,31.440000534057617,1.1453442573547363
2025-06-04,590.7849731445312,526.8863525390625,206.58453369140625,84.1843032836914,310.8999938964844,31.34000015258789,1.1384464502334595
2025-06-05,587.9298095703125,522.9205322265625,206.67372131347656,84.24276733398438,309.3299865722656,32.45000076293945,1.1422044038772583
2025-06-06,593.96728515625,528.0322875976562,210.01373291015625,83.17086029052734,305.17999267578125,32.689998626708984,1.1453834772109985
2025-06-09,594.5026245117188,528.8095092773438,211.4607391357422,83.25856018066406,306.6199951171875,33.38999938964844,1.1407841444015503
2025-06-10,597.873291015625,532.3070678710938,212.60049438476562,83.68731689453125,306.7099914550781,33.22999954223633,1.1428048610687256
2025-06-11,596.1680908203125,530.513427734375,211.7283477783203,83.94068908691406,308.3699951171875,32.95000076293945,1.143746018409729
2025-06-12,598.5374755859375,531.7589111328125,210.8859100341797,84.94438934326172,312.20001220703125,33.060001373291016,1.1509333848953247
2025-06-13,591.8458251953125,525.0828857421875,207.03053283691406,84.1258544921875,316.2900085449219,32.970001220703125,1.1600254774093628
2025-06-16,597.4766845703125,532.3866577148438,209.47140502929688,83.2780532836914,311.7799987792969,33.029998779296875,1.1556684970855713
2025-06-17,592.3712158203125,527.1953125,207.26507568359375,84.29150390625,311.94000244140625,33.7400016784668,1.1551345586776733
2025-06-18,592.2819213867188,527.1055908203125,208.35829162597656,84.43767547607422,310.260009765625,33.27000045776367,1.1482638120651245
2025-06-20,590.8909912109375,524.9532470703125,207.92100524902344,84.28175354003906,310.1300048828125,32.720001220703125,1.1512778997421265
2025-06-23,596.7274780273438,530.3511352539062,210.46524047851562,84.55459594726562,311.0799865722656,32.959999084472656,1.1500862836837769
2025-06-24,603.3196411132812,538.4612426757812,213.14859008789062,85.16852569580078,306.19000244140625,32.61000061035156,1.1599044799804688
2025-06-25,603.65771484375,539.8377685546875,210.66400146484375,85.27570343017578,307.1199951171875,33.0099983215332,1.161224365234375
2025-06-26,608.380615234375,544.885498046875,214.0828094482422,85.70448303222656,306.7799987792969,33.34000015258789,1.1683744192123413
2025-06-27,611.4032592773438,546.7509155273438,214.15237426757812,85.15876770019531,301.2200012207031,32.619998931884766,1.1692214012145996
2025-06-30,614.3264770507812,550.292236328125,214.46046447753906,85.99681091308594,304.8299865722656,32.810001373291016,1.1727453470230103
2025-07-01,614.127685546875,545.653564453125,216.66677856445312,86.21003723144531,307.54998779296875,32.72999954223633,1.178717017173767
2025-07-02,616.9117431640625,549.4542846679688,219.66818237304688,85.66230773925781,309.25,33.2400016784668,1.180553913116455
2025-07-03,621.7738647460938,554.8610229492188,221.70555114746094,85.06566619873047,307.1400146484375,33.5099983215332,1.18002450466156
2025-07-07,617.1403198242188,550.6813354492188,218.37619018554688,84.25382995605469,307.3699951171875,33.43000030517578,1.178078293800354
2025-07-08,616.8023681640625,550.9906005859375,219.8868408203125,84.14623260498047,304.1600036621094,33.290000915527344,1.1736538410186768
2025-07-09,620.5010986328125,554.8909912109375,222.27203369140625,85.02654266357422,305.5199890136719,33.0,1.1724566221237183
2025-07-10,622.2510375976562,554.0929565429688,223.41494750976562,85.08522033691406,306.20001220703125,33.75,1.17311692237854
2025-07-11,620.0636596679688,552.845947265625,220.33404541015625,83.91150665283203,309.1400146484375,35.029998779296875,1.1702749729156494
2025-07-14,621.246826171875,554.85107421875,221.81488037109375,83.73544311523438,308.010009765625,34.630001068115234,1.1682106256484985
2025-07-15,618.592041015625,555.3598022460938,217.4718017578125,83.1485824584961,306.7300109863281,34.2599983215332,1.1666297912597656
2025-07-16,620.66015625,555.9284057617188,219.6582489013672,83.26593780517578,308.260009765625,34.40999984741211,1.1607391834259033
2025-07-17,624.4583740234375,560.4273681640625,222.54037475585938,83.24638366699219,307.5899963378906,34.650001525878906,1.1635754108428955
2025-07-18,624.0010375976562,559.8887329101562,220.96017456054688,83.37353515625,308.3900146484375,34.61000061035156,1.161548137664795
2025-07-21,625.1842651367188,562.7916259765625,220.06570434570312,84.11689758300781,313.1300048828125,35.349998474121094,1.1630746126174927
2025-07-22,625.2737426757812,559.8787841796875,221.89437866210938,84.62551879882812,316.1000061035156,35.720001220703125,1.1694538593292236
2025-07-23,630.5932006835938,562.4324951171875,225.2833709716797,84.15603637695312,312.17999267578125,35.689998626708984,1.1739156246185303
2025-07-24,630.802001953125,563.6295776367188,222.1726531982422,84.0093002319336,310.2699890136719,35.4900016784668,1.1774264574050903
2025-07-25,633.4667358398438,564.9862670898438,222.99754333496094,84.53748321533203,307.3999938964844,34.65999984741211,1.1756131649017334
2025-07-28,633.3076782226562,566.7518920898438,222.73915100097656,83.98975372314453,305.4100036621094,34.63999938964844,1.1756821870803833
2025-07-29,631.6372680664062,565.8740844726562,221.31796264648438,85.40800476074219,306.25,34.65999984741211,1.1596757173538208
2025-07-30,630.841796875,566.6322631835938,220.19491577148438,84.96785736083984,300.9599914550781,33.5099983215332,1.1550945043563843
2025-07-31,628.475341796875,563.6295776367188,218.0382843017578,85.01676177978516,302.9599914550781,33.31999969482422,1.1429355144500732
2025-08-01,618.1743774414062,552.5267333984375,213.5958251953125,86.22540283203125,309.1099853515625,33.59000015258789,1.142374038696289
2025-08-04,627.570556640625,562.7218017578125,218.37619018554688,86.46105194091797,310.9100036621094,33.97999954223633,1.158668041229248
2025-08-05,624.3887939453125,558.901123046875,219.4893035888672,86.72614288330078,311.1600036621094,34.349998474121094,1.1584129333496094
2025-08-06,629.17138671875,565.9339599609375,219.20106506347656,86.22540283203125,310.5,34.349998474121094,1.1579166650772095
2025-08-07,628.6444091796875,567.8491821289062,218.4855194091797,86.078125,313.1199951171875,34.7599983215332,1.1663167476654053
2025-08-08,633.5462646484375,573.146240234375,218.9625701904297,85.70503997802734,313.04998779296875,34.880001068115234,1.1676650047302246
2025-08-11,632.29345703125,571.4503784179688,218.91287231445312,85.80320739746094,308.54998779296875,34.18000030517578,1.1647952795028687
2025-08-12,639.0248413085938,578.6328125,225.41256713867188,85.37120819091797,308.2699890136719,34.40999984741211,1.1618449687957764
2025-08-13,641.2123413085938,578.922119140625,229.79539489746094,86.078125,309.2099914550781,35.0,1.1677058935165405
2025-08-14,641.27197265625,578.4732666015625,226.83377075195312,85.4399185180664,307.25,34.5,1.171289324760437
2025-08-15,639.7705688476562,575.929443359375,225.73060607910156,84.83118438720703,307.42999267578125,34.5,1.1651345491409302
2025-08-18,639.6314086914062,575.699951171875,226.5554962158203,84.58573913574219,306.95001220703125,34.54999923706055,1.1706587076187134
2025-08-19,636.1612548828125,567.88916015625,224.81626892089844,85.07664489746094,305.2699890136719,33.869998931884766,1.1668338775634766
2025-08-20,634.470947265625,564.5174560546875,224.0211944580078,85.26319885253906,308.3599853515625,34.43000030517578,1.164252758026123
2025-08-21,631.9255981445312,561.90380859375,224.5777587890625,84.84101867675781,307.2900085449219,34.61000061035156,1.165175199508667
2025-08-22,641.6299438476562,570.5725708007812,233.38314819335938,85.46939086914062,310.5799865722656,35.34000015258789,1.16130530834198
2025-08-25,638.8060913085938,568.9265747070312,230.92837524414062,85.22393035888672,309.8299865722656,35.02000045776367,1.1709601879119873
2025-08-26,641.4807739257812,571.2109985351562,232.8365478515625,85.17483520507812,312.0799865722656,35.02000045776367,1.1618449687957764
2025-08-27,642.9423828125,572.0888671875,234.48631286621094,85.07664489746094,312.7099914550781,34.9900016784668,1.1639411449432373
2025-08-28,645.2192993164062,575.6701049804688,234.7646026611328,85.63629150390625,315.0299987792969,35.52000045776367,1.1647952795028687
2025-08-29,641.3713989257812,569.0064086914062,233.72105407714844,85.02754974365234,318.07000732421875,36.189998626708984,1.1681560277938843
2025-09-02,636.6187133789062,564.2380981445312,232.45889282226562,84.39481353759766,325.5899963378906,37.150001525878906,1.1715912818908691
2025-09-03,640.06884765625,568.67724609375,232.2303009033203,85.32125854492188,328.1400146484375,37.34000015258789,1.163602590560913
2025-09-04,645.418212890625,573.8245849609375,235.13230895996094,85.97174072265625,326.69000244140625,36.93000030517578,1.16604483127594
2025-09-05,643.5488891601562,574.6525268554688,236.30503845214844,87.28254699707031,331.04998779296875,37.209999084472656,1.1656913757324219
2025-09-08,645.1298828125,577.4556884765625,236.78207397460938,88.4455337524414,334.82000732421875,37.5099983215332,1.1713168621063232
2025-09-09,646.6212768554688,579.0917358398438,235.39071655273438,87.9428939819336,334.05999755859375,37.18000030517578,1.1769136190414429
2025-09-10,648.4905395507812,579.28125,234.97329711914062,88.4455337524414,335.260009765625,37.40999984741211,1.1702749729156494
2025-09-11,653.8796997070312,582.6529541015625,239.31639099121094,89.03687286376953,334.760009765625,37.790000915527344,1.1703435182571411
2025-09-12,653.6608276367188,585.2266235351562,236.8715362548828,88.65249633789062,335.4200134277344,38.34000015258789,1.1734747886657715
2025-09-15,657.1409301757812,590.234375,237.87530517578125,88.8594741821289,338.9100036621094,38.7599983215332,1.1726491451263428
2025-09-16,656.2361450195312,589.7356567382812,237.48361206054688,89.0467300415039,339.5899963378906,38.599998474121094,1.1763737201690674
2025-09-17,655.4208374023438,588.5585327148438,238.09158325195312,88.82005310058594,336.9700012207031,37.790000915527344,1.1871408224105835
2025-09-18,658.4832153320312,593.865478515625,244.0216827392578,87.9034652709961,335.6199951171875,37.9900016784668,1.1826341152191162
2025-09-19,661.74462890625,597.8856201171875,242.16790771484375,87.73591613769531,339.17999267578125,39.040000915527344,1.1791062355041504
2025-09-22,664.8753662109375,601.4251098632812,243.5731964111328,87.42052459716797,345.04998779296875,40.040000915527344,1.1736950874328613
2025-09-23,661.256103515625,597.4302978515625,243.0250244140625,88.03158569335938,346.4599914550781,39.959999084472656,1.1801080703735352
2025-09-24,659.1522216796875,595.3329467773438,240.7925262451172,87.69650268554688,343.32000732421875,39.81999969482422,1.1814465522766113
2025-09-25,656.1112670898438,592.7662963867188,238.490234375,87.69650268554688,344.75,41.029998779296875,1.1744670867919922
2025-09-26,659.8701782226562,595.203125,240.53338623046875,87.6176528930664,346.739990234375,41.86000061035156,1.166275978088379
2025-09-29,661.7246704101562,597.9595947265625,240.8124542236328,88.33712005615234,352.4599914550781,42.5,1.170823097229004
2025-09-30,664.21728515625,599.5974731445312,241.1513214111328,88.08087921142578,355.4700012207031,42.369998931884766,1.1731443405151367
2025-10-01,666.4806518554688,602.4737548828125,241.67955017089844,88.308349609375,356.0299987792969,42.90999984741211,1.1735849380493164
2025-10-02,667.248291015625,604.9505615234375,243.20443725585938,88.56548309326172,354.7900085449219,42.529998779296875,1.1734058856964111
2025-10-03,667.2384033203125,602.4038696289062,245.00839233398438,88.39735412597656,357.6400146484375,43.52000045776367,1.1725116968154907
2025-10-06,669.6312866210938,606.9280395507812,245.985107421875,87.69515991210938,364.3800048828125,44.060001373291016,1.171248197555542
2025-10-07,667.1486206054688,603.732177734375,243.34396362304688,88.19954681396484,366.260009765625,43.38999938964844,1.171028733253479
2025-10-08,671.1268920898438,610.6532592773438,245.89541625976562,88.26878356933594,372.29998779296875,44.560001373291016,1.1654603481292725
2025-10-09,669.1826171875,609.9141845703125,244.31072998046875,88.19954681396484,365.42999267578125,44.709999084472656,1.1631964445114136
2025-10-10,651.0960693359375,588.741455078125,236.99525451660156,89.62372589111328,369.1199951171875,45.43000030517578,1.156644344329834
2025-10-13,661.0865478515625,601.2353515625,243.5931396484375,89.57426452636719,378.0899963378906,47.2599983215332,1.160240888595581
2025-10-14,660.2789306640625,597.2305297851562,247.0714569091797,89.861083984375,380.7900085449219,46.79999923706055,1.1566845178604126
2025-10-15,663.2102661132812,601.445068359375,249.49334716796875,89.66327667236328,387.3900146484375,48.33000183105469,1.1602274179458618
2025-10-16,658.6936645507812,599.2179565429688,244.24095153808594,90.33580017089844,396.45001220703125,49.16999816894531,1.1646324396133423
2025-10-17,662.4326171875,603.1528930664062,242.5964813232422,90.19733428955078,388.989990234375,46.9900016784668,1.1699601411819458
2025-10-20,669.3222045898438,610.7530517578125,247.33059692382812,90.54350280761719,403.1499938964844,47.720001220703125,1.165745735168457
2025-10-21,669.3121948242188,610.5933227539062,246.16452026367188,90.9885482788086,377.239990234375,43.790000915527344,1.164442539215088
2025-10-22,665.83251953125,604.7108764648438,242.52670288085938,91.04788970947266,377.2799987792969,43.880001068115234,1.160038948059082
2025-10-23,669.7808837890625,609.7943725585938,245.59640502929688,90.42481994628906,378.7900085449219,44.18000030517578,1.1608469486236572
2025-10-24,675.2546997070312,616.305908203125,248.59634399414062,90.4643783569336,377.5199890136719,43.9900016784668,1.1618045568466187
2025-10-27,683.2211303710938,627.2818603515625,249.46343994140625,90.77096557617188,367.010009765625,42.400001525878906,1.1631693840026855
2025-10-28,685.0357666015625,632.1055908203125,248.1279296875,91.00831604003906,364.3800048828125,42.70000076293945,1.165175199508667
2025-10-29,685.3648071289062,634.9519653320312,246.01499938964844,90.08854675292969,363.0,43.22999954223633,1.1657865047454834
2025-10-30,677.8270874023438,625.2444458007812,244.0316619873047,89.56437683105469,370.1300048828125,44.34000015258789,1.1603351831436157
2025-10-31,680.050537109375,628.2605590820312,245.40704345703125,89.29734802246094,368.1199951171875,44.0099983215332,1.157246708869934
2025-11-03,681.3267822265625,631.2666625976562,244.61968994140625,89.07402038574219,368.7799987792969,43.7599983215332,1.1528042554855347
2025-11-04,673.2506103515625,618.4531860351562,240.39385986328125,89.27253723144531,362.32000732421875,42.7400016784668,1.1519144773483276
2025-11-05,675.583740234375,622.47802734375,243.86221313476562,88.2998046875,366.510009765625,43.650001525878906,1.1485539674758911
2025-11-06,668.3351440429688,610.8829345703125,239.5467071533203,89.0938720703125,366.07000732421875,43.54999923706055,1.1496764421463013
2025-11-07,668.9931640625,608.9553833007812,240.802490234375,88.90528106689453,368.30999755859375,43.91999816894531,1.1549211740493774
2025-11-10,679.432373046875,622.4280395507812,243.2144012451172,88.88542938232422,378.3800048828125,45.790000915527344,1.1543878316879272
2025-11-11,680.9877319335938,620.7702026367188,243.4237060546875,89.2923812866211,379.8699951171875,46.45000076293945,1.1557220220565796
2025-11-12,681.3666381835938,620.2808227539062,242.82569885253906,89.45120239257812,385.989990234375,48.31999969482422,1.1587486267089844
2025-11-13,670.0599975585938,607.6171875,235.99859619140625,88.71669006347656,382.8699951171875,47.41999816894531,1.159218668937683
2025-11-14,669.9503784179688,608.0765380859375,236.68629455566406,88.21047973632812,375.9599914550781,45.959999084472656,1.1631964445114136
2025-11-17,663.7088012695312,602.8832397460938,231.9820556640625,88.42884063720703,371.6499938964844,45.470001220703125,1.1615345478057861
2025-11-18,658.1353149414062,595.542724609375,232.689697265625,88.39906311035156,374.3500061035156,46.099998474121094,1.159057378768921
2025-11-19,660.6777954101562,599.09814453125,232.6498260498047,88.22039794921875,374.9599914550781,46.45000076293945,1.1581177711486816
2025-11-20,650.6075439453125,584.9163818359375,228.34426879882812,88.56781005859375,374.8500061035156,45.779998779296875,1.154068112373352
2025-11-21,657.08837890625,589.3107299804688,234.8125762939453,88.83580017089844,374.2699890136719,45.29999923706055,1.1534557342529297
2025-11-24,666.759765625,604.3812866210938,239.0981903076172,89.3420181274414,380.20001220703125,46.630001068115234,1.1507612466812134
2025-11-25,673.03125,608.1065063476562,244.31072998046875,89.57030487060547,380.0799865722656,46.66999816894531,1.1520073413848877
2025-11-26,677.6775512695312,613.4796142578125,246.47348022460938,89.96734619140625,383.1199951171875,48.400001525878906,1.156483769416809
2025-11-28,681.3765869140625,618.4531860351562,247.9186248779297,89.54052734375,387.8800048828125,51.209999084472656,1.1599851846694946
2025-12-01,678.2658081054688,616.3758544921875,244.79908752441406,88.42586517333984,389.75,52.52000045776367,1.1601465940475464
2025-12-02,679.5220947265625,621.1996459960938,244.3505859375,88.46570587158203,387.239990234375,53.130001068115234,1.1607661247253418
2025-12-03,681.8751220703125,622.7177124023438,248.79568481445312,88.71473693847656,386.8800048828125,53.06999969482422,1.1627906560897827
2025-12-04,682.3736572265625,622.138427734375,250.97837829589844,88.23660278320312,387.1300048828125,51.7599983215332,1.1666841506958008
2025-12-05,683.6697998046875,624.6751708984375,249.931884765625,87.82819366455078,386.44000244140625,52.95000076293945,1.1642799377441406
2025-12-08,681.6159057617188,623.4767456054688,250.0315399169922,87.53931427001953,385.4200134277344,52.709999084472656,1.164022445678711
2025-12-09,681.027587890625,624.2457275390625,250.5498046875,87.62896728515625,387.3999938964844,55.16999816894531,1.1641442775726318
2025-12-10,685.5443115234375,626.8024291992188,253.9583740234375,87.96764373779297,389.04998779296875,56.06999969482422,1.1628313064575195
2025-12-11,687.1395263671875,624.7750854492188,256.9383544921875,87.84811401367188,393.239990234375,57.619998931884766,1.1701242923736572
2025-12-12,679.7514038085938,612.8304443359375,253.0015869140625,87.00140380859375,395.44000244140625,56.099998474121094,1.1739431619644165
2025-12-15,678.7244262695312,609.75439453125,251.08798217773438,87.0611801147461,395.79998779296875,58.11000061035156,1.1737639904022217
2025-12-16,676.8699340820312,610.9628295898438,249.89999389648438,87.53931427001953,395.8900146484375,57.72999954223633,1.1754610538482666
2025-12-17,669.4219360351562,599.6373901367188,247.24000549316406,87.45963287353516,399.2900085449219,60.2599983215332,1.1749500036239624
2025-12-18,674.4769287109375,608.3262329101562,248.7100067138672,87.87799835205078,398.57000732421875,59.31999969482422,1.1742326021194458
2025-12-19,680.5900268554688,616.2559814453125,250.7899932861328,87.55000305175781,399.0199890136719,60.93000030517578,1.1725666522979736
2025-12-22,684.8300170898438,619.2100219726562,253.5800018310547,87.36000061035156,408.2300109863281,62.470001220703125,1.1708093881607056
2025-12-23,687.9600219726562,622.1099853515625,252.0800018310547,87.5,413.6400146484375,64.83999633789062,1.1765950918197632
2025-12-24,690.3800048828125,623.9299926757812,252.7100067138672,88.02999877929688,411.92999267578125,65.22000122070312,1.179551362991333
2025-12-26,690.3099975585938,623.8900146484375,251.4199981689453,87.73999786376953,416.739990234375,71.12000274658203,1.1785364151000977
2025-12-29,687.8499755859375,620.8699951171875,249.8800048828125,88.06999969482422,398.6000061035156,66.01000213623047,1.1772738695144653
2025-12-30,687.010009765625,619.4299926757812,248.02999877929688,87.86000061035156,398.8900146484375,68.9800033569336,1.1772878170013428
2025-12-31,681.9199829101562,614.3099975585938,246.16000366210938,87.16000366210938,396.30999755859375,64.41999816894531,1.1747292280197144
2026-01-02,683.1699829101562,613.1199951171875,248.77999877929688,87.02999877929688,398.2799987792969,65.75,1.175046682357788
2026-01-05,687.719970703125,617.989990234375,252.72999572753906,87.45999908447266,408.760009765625,69.08000183105469,1.1704667806625366
2026-01-06,691.8099975585938,623.4199829101562,256.0799865722656,87.27999877929688,413.17999267578125,73.70999908447266,1.1714951992034912
2026-01-07,689.5800170898438,624.02001953125,255.47999572753906,87.79000091552734,409.2300109863281,70.95999908447266,1.1688251495361328
2026-01-08,689.510009765625,620.469970703125,258.2699890136719,87.3499984741211,411.489990234375,69.70999908447266,1.1676785945892334
2026-01-09,694.0700073242188,626.6500244140625,260.2300109863281,87.93000030517578,414.4700012207031,72.37999725341797,1.1657865047454834
2026-01-12,695.1599731445312,627.1699829101562,261.5,87.66999816894531,422.2300109863281,77.2300033569336,1.1623716354370117
2026-01-13,693.77001953125,626.239990234375,261.3500061035156,87.81999969482422,421.6300048828125,78.5999984741211,1.1666978597640991
2026-01-14,690.3599853515625,619.5499877929688,263.19000244140625,88.33000183105469,425.94000244140625,84.55999755859375,1.164252758026123
2026-01-15,692.239990234375,621.780029296875,265.510009765625,88.30999755859375,423.3299865722656,83.31999969482422,1.1646324396133423
2026-01-16,691.6599731445312,621.260009765625,265.760009765625,87.80000305175781,421.2900085449219,81.0199966430664,1.1609008312225342
2026-01-20,677.5800170898438,608.0599975585938,262.5799865722656,86.6500015258789,437.2300109863281,85.38999938964844,1.1639139652252197
2026-01-21,685.4000244140625,616.280029296875,267.7900085449219,87.30999755859375,443.6000061035156,83.95999908447266,1.1727865934371948
2026-01-22,688.97998046875,620.760009765625,269.7900085449219,87.69000244140625,451.7900085449219,87.12999725341797,1.1672970056533813
2026-01-23,689.22998046875,622.719970703125,264.80999755859375,87.93000030517578,458.0,92.91000366210938,1.1754610538482666
